item_id,title,brand_id,shop_type,sku_id,sku_sales,sku_name,leafcat,attrs
3723901153776369988,【韦雪专属】因贝森Y.IMPRESSION澳洲进口富硒蔓越莓女性益生菌,40833171,douyin,,4848473.0,,31323,套餐详情:【主播专属6】因贝森Y.IMPRESSION澳洲进口富硒蔓越莓女性益生菌-赠-1盒x3
3681194625558774151,【尝鲜装|3个月量】月神德国进口女性清爽益生菌28粒3盒+小红盒2盒,27831,douyin,,3090182.5,,31323,套餐详情:s1月神益生菌口服胶囊女护理乳酸杆菌进口益生菌7日红宝盒7粒/盒-7日红宝盒x4、s1月神益生菌口服胶囊女护理乳酸杆菌进口益生菌升级版28粒-升级版益生菌28粒x6
3716132402041585937,【升级肽2.0】胶原蛋白肽EGCG饮2.0枇杷口味500ml*9盒,35188512,douyin,,13692464.0,,31287,保质期:18月||产品名称:胶原蛋白肽EGCG饮||产地:中国大陆||品牌:五个女博士||生产企业名称:威海百合生物技术股份有限公司||产品剂型:口服液||商品条形码:6974411580267||食品生产许可证编号:SC11337108200263||规格（粒/袋/ml/g）:50ml*10瓶
3707150090000007244,Keyoung胶原双仓饮深海鳕鱼胶原三肽饮+虾青素+玫瑰+蔓越莓30瓶,2653709,douyin,,358137.1,,31287,保质期:18月||是否临期:否||产地:中国大陆||适用性别:通用||产品名称:深海鳕鱼胶原三肽饮||品牌:Keyoung||生产企业名称:安徽领克药业有限公司||适用人群:成人||计价单位:瓶||产品剂型:口服液||食品生产许可证编号:SC10634122230677||规格（粒/袋/ml/g）:50ml*30瓶
3668289062487326742,【邓为代言】PH地中海咖啡经典系列100%阿拉比卡黑咖啡年货不打烊,54009,douyin,,5283225.0,,31307,保质期:1年||产地:中国大陆||产品名称:黑咖啡||品牌:POSITIVEHOTEL||生产企业名称:天益食品（徐州）有限公司||食品生产许可证编号:SC10632037100406||规格（粒/袋/ml/g）:7包/盒
3676830724029284382,芊形菊粉益生元可溶性膳食纤维粉300克/桶  水溶性进口原粉,18630,douyin,,107205.36,,31307,保质期:2年||是否临期:否||产品名称:菊粉||适用性别:通用||产地:中国大陆||品牌:芊形||生产企业名称:永安康健药业（武汉）有限公司||计价单位:桶||产品剂型:粉剂||生产日期:2024-03-01 2024-03-31||食品生产许可证编号:SC10642011801427||规格（粒/袋/ml/g）:300g
3715873413273878755,【春节不打烊】诺特兰德左旋20万左旋200000运动营养饮料自播推荐,22044,douyin,,2206657.2,,31283,保质期:12月||产品名称:左旋肉碱200000||适用性别:通用||产地:中国大陆||品牌:诺特兰德||生产企业名称:山东捷晶生物科技有限公司||食品生产许可证编号:SC11337012600809||规格（粒/袋/ml/g）:20ml*100袋
3622545299215632567,【翠花专属】诺特兰德左旋10万左旋肉碱100000运动营养饮料,22044,douyin,,75880.87,,31283,保质期:12月||产品名称:左旋肉碱100000||适用性别:通用||产地:中国大陆||品牌:诺特兰德||生产企业名称:山东捷晶生物科技有限公司||适用人群:成人||计价单位:盒||产品剂型:口服液||口味:橙子味||商品条形码:详见包装||食品生产许可证编号:SC11337012600809||规格（粒/袋/ml/g）:10ml*100袋
3727582952348057814,AVEA瑞士AKG逆0内服粉皮提肉紧骨立体胶原前体30袋*6盒备,155790832,douyin,,13657905.0,,31351,套餐详情:AVEA瑞士 AKG氨基胶原蛋白前体激活剂抗衰水润-默认x6、AVEA瑞士 AKG氨基胶原蛋白前体单袋装-默认x15
3665695832142905548,AVEA瑞士AKG逆0童颜内服粉皮提肉紧骨立体30袋*3盒+5袋*3盒妮蔻,155790832,douyin,,674146.44,,31351,套餐详情:AVEA瑞士 AKG氨基胶原前体激活剂抗衰水润逆龄小分子30袋/盒-默认x3、AVEA瑞士 AKG氨基胶原蛋白前体单袋装-默认x7、AVEA瑞士 AKG氨基胶原蛋白前体 5袋/盒-默认x4
3607528189099925814,诺特兰德新一代b族维生素咀嚼片复配好营养8大B族含量升级72粒/瓶,22044,douyin,,16076628.0,,31273,生产企业名称:山东捷晶生物科技有限公司||产地:中国大陆||品牌:诺特兰德||食品生产许可证编号:SC11337012600809||产品名称:维生素B族
3523123901012003782,【贾乃亮代言】诺特兰德血橙复合B族维生素b1b2b6VB咀嚼片正品,22044,douyin,,859122.56,,31273,生产企业名称:山东捷晶生物科技有限公司||产地:中国大陆||品牌:诺特兰德||食品生产许可证编号:SC11337012600809||产品名称:B族
3644130581249402299,【拍3件299】英国HB荷柏瑞儿童鱼油Omega3咀嚼胶囊 60粒/瓶DHA,37205,douyin,,324791.97,,31324,保质期:25-36个月||食用方法/使用方法:每日2粒，咀嚼服用||温馨提示:本品不可替代药品||产品名称:英国HB荷柏瑞儿童维生素鱼油欧米茄3咀嚼胶囊DHA||品牌:Holland&Barrett||生产企业名称:Holland & Barrett Retail Ltd||净含量:60粒||适用人群:儿童||产品剂型:胶囊||注意事项:本品膳食补充剂，不能代替物，孕妇哺乳期女性服用前请咨询医生。||原产地:英国
3622172790200888493,澳琳达DHA藻油软胶囊60粒,139373252,douyin,,237726.94,,31324,保质期:25-36个月||食用方法/使用方法:3岁以下婴幼儿每日1粒，3岁以上儿童及成人、孕妇，每日2粒||温馨提示:本品不可替代药品||产品名称:DHA藻油软胶囊||品牌:Aurinda AURINDA/澳琳达||适用人群:通用||产品剂型:胶囊||注意事项:儿童及婴幼儿建议剪开胶囊，挤出服用||原产地:澳大利亚
3705571779511714018,【孕期必备】孕妇专用DHA孕期22种黄金活性叶酸复合90粒 小琳同款,18745,douyin,,110556.31,,31324,保质期:25-36个月||食用方法/使用方法:每日一次，每次1-2粒，餐后服用。||温馨提示:本品不可替代药品||产品名称:SWANSON孕综DHA||品牌:SWANSON||适用人群:孕产妇||产品剂型:胶囊||注意事项:开封后情避光储存。||原产地:美国
3617047970563899613,【深海脑黄金】NaturElan德国呐兔 学霸鱼油布丁儿童双A配方DHA D,55032,douyin,,109585.7,,31324,套餐详情:【儿童鱼油】德国NaturElan吶兔 学霸鱼油小布丁2.0升级版32粒DHA-默认x1
3619762123841872035,【诺奖专研DHA】NaturElan德国呐兔 儿童学霸藻油DHA布丁金标全效,55032,douyin,,80955.94,,31324,套餐详情:德国NaturElan吶兔 学霸鱼油小布丁2.0升级版32粒盒装 儿童DHA-默认x3
3631451597130863013,Losoki omega-3祛痘鱼油深海DHAEPA鱼油软胶囊高含量改善油敏痘肌,155789455,douyin,,41828.5,,31324,保质期:13-24个月||食用方法/使用方法:口服||温馨提示:本品不可替代药品||产品名称:Losoki鱼油||品牌:LOSOKI||适用人群:成人||产品剂型:胶囊||注意事项:本品含鱼类产品，对鱼类及其他成分过敏者请勿食用||原产地:美国
3664306289334472993,【深海脑黄金】NaturElan德国呐兔 儿童鱼油小布丁2.0升级版儿童DHA,55032,douyin,,37219.56,,31324,套餐详情:德国NaturElan吶兔 学霸鱼油小布丁2.0 32粒盒装 儿童DHA鱼油-默认x3
3679385091295019392,仁和维生素b族含8种维Bb1b2b6b12生物素谷胱甘肽水飞蓟官方旗舰店,139410830,douyin,,14217421.0,,31281,保质期:24月||是否临期:否||产品名称:8种维生素B1片||产地:中国大陆||品牌:仁和||生产企业名称:东营佐宁生物科技有限公司||计价单位:瓶||产品剂型:片剂||食品生产许可证编号:SC11337052100315||规格（粒/袋/ml/g）:0.6g*60片
3692780437194801420,【6瓶升级款】多种维生素B族片 8大B族+硒+牛磺酸 每瓶120片 无蔗糖,10400,douyin,,2534286.8,,31281,保质期:24月||产品名称:多种维生素B族片||适用性别:通用||产地:中国大陆||品牌:敬修堂||生产企业名称:安徽百盛药业有限公司||适用人群:成人||产品剂型:片剂||食品生产许可证编号:SC10634122205790||规格（粒/袋/ml/g）:0.6*120粒
3484509393842746779,【春节不打烊】敬修堂中老年多维蛋白质粉1000g*2罐蛋白粉含钙铁锌,10400,douyin,,2851335.2,,31289,保质期:24月||是否临期:否||产品名称:中老年营养多维蛋白质粉||适用性别:通用||产地:中国大陆||品牌:敬修堂||生产企业名称:广东双捷智力素医学科技有限公司||用法:每日2次，每次2-4勺||适用人群:中老年||计价单位:罐||食用提示:温水冲饮||产品剂型:粉剂||商品条形码:6954586613342||食品生产许可证编号:SC13044051102605||规格（粒/袋/ml/g）:1千克
3664349080026497841,【超值装】美莱健多营养蛋白质粉 科学配比 营养补充 双蛋白易吸收,43704,douyin,,95705.07,,31289,保质期:24月||产品名称:多营养蛋白质粉||适用性别:通用||产地:中国大陆||品牌:美莱健||生产企业名称:广州长生康生物科技有限公司||用法:每次2-3勺，温水冲泡溶解即可||适用人群:成人||计价单位:桶||食用提示:每次2-3勺，温水冲泡溶解即可||产品剂型:粉剂||商品条形码:6971925551707||食品生产许可证编号:SC12744011400654||规格（粒/袋/ml/g）:900g/罐
3534609229967175981,仁和DHA核桃油DHA藻油150mg真添加核桃油dha纯含量好吸收官方正品,139410830,douyin,,6929810.5,,31272,保质期:24月||产品名称:仁和DHA核桃油凝胶糖果||适用性别:通用||产地:中国大陆||品牌:仁和||生产企业名称:东营佐宁生物科技有限公司||计价单位:盒||产品剂型:丸剂||食品生产许可证编号:SC11337052100315||规格（粒/袋/ml/g）:0.7g*60粒
3727430571018813753,【年货节】诺特兰德DHA藻油ARA高纯度橙子味儿童孩子营养升级自播,22044,douyin,,186516.0,,31272,保质期:24月||产品名称:DHA||适用性别:通用||产地:中国大陆||品牌:诺特兰德||生产企业名称:山东捷晶生物科技有限公司||用法:可将软糖尾部拧开或剪开 将夹心料滴入口中或加入其他食物中食用 也可直接咀嚼或吞食。每次2粒，每天1次。||适用人群:儿童||计价单位:盒||食用提示:本品贮存温度≥35°C时有可能致使个别糖体变形或部分溶解;胶皮颜色受热和储存环境影响变深，此为明胶特性 不影响产品质量。||产品剂型:胶囊||商品条形码:6973847791865||食品生产许可证编号:SC11337012600809||规格（粒/袋/ml/g）:30粒
3724656548404920662,【爆款新品红魔王】徐楠楠苏莎牛胶原蛋白三肽,155745065,douyin,,10772983.0,,31319,保质期:2年||产品名称:苏莎牛弹性蛋白鲑鱼鼻鳕鱼胶原三肽固体饮料||产地:中国大陆||品牌:苏莎||生产企业名称:馨辰生物（广东）有限公司||食品生产许可证编号:SC10644190015340||规格（粒/袋/ml/g）:1盒*7包
3554679253629056834,【利利安专享】Esmond爱司盟青春之泉雪莲透明质酸钠复合60粒/瓶,110671114,douyin,,274076.97,,31319,保质期:48月||产品名称:青春之泉雪莲透明质酸钠复合片||适用性别:通用||产地:美国||品牌:爱司盟||生产企业名称:爱司盟天然食品制造公司||用法:每日早饭后半小时两粒，温水送服||适用人群:成人||计价单位:瓶||食用提示:孕妇哺乳期经期不建议服用||产品剂型:片剂||商品条形码:0641399783282||规格（粒/袋/ml/g）:1.12g*60
3726118746457243830,芙顺堂百合康牌亚麻籽油维生素E软胶囊李时珍集团出品正品,155701552,douyin,,12661672.0,,31998,保质期:24月||保健功能:辅助降血脂||是否临期:否||产品名称:百合康牌亚麻籽油维生素E软胶囊||商品名称:百合康牌亚麻籽油维生素E软胶囊||产地:中国大陆||品牌:芙顺堂||生产企业名称:威海百合生物技术股份有限公司||适用人群:成人||不适宜人群:少年儿童、孕妇、乳母||保健食品批准文号:国食健注G20140187||注意事项:保健食品不是药物，不能代替药物治疗疾病||产品剂型:胶囊||食品生产许可证编号:SC11337108200263||规格（粒/袋/ml/g）:500mg/粒
3723514160009576563,白云山白云山保肝胶囊护肝片肝损伤免疫男女加班熬夜喝酒常规,32346,douyin,,177985.92,,31998,保质期:24月||保健功能:对化学性肝损伤有辅助保护功能||是否临期:否||产品名称:金可牌胶囊||不适宜人群:无||产地:中国大陆||品牌:白云山||生产企业名称:桂林三金大健康产业有限公司||主要原料:葛根、枳椇果、积雪草、菊花、陈皮等||产品剂型:胶囊||保健食品批准文号:卫食健字(2001)第0143号||注意事项:保健食品不是药物，不能代替药物治疗疾病||生产日期:2024-06-22 2026-06-21||食品生产许可证编号:SC11445030500245||规格（粒/袋/ml/g）:0.4g/粒*3粒/袋*10袋/盒
3707321716725383403,【棕色脂肪】呜咔实验室二元一菌益生菌科学管理激活BAT益生元ZB,135721137,douyin,,59729228.0,,31270,保质期:24月||是否临期:否||产品名称:呜咔实验室二次元益生菌||适用性别:通用||产地:中国大陆||品牌:呜咔实验室||生产企业名称:江苏新申奥生物科技有限公司||适用人群:成人||计价单位:盒||食用提示:益生元不建议：婴幼儿，孕妇，哺乳期，14岁以下人群服用。（三高、糖友患者建议遵医嘱）||食品生产许可证编号:SC10632028100205||规格（粒/袋/ml/g）:2g*28+10g*28+10g*28
3728137771836113197,【乐乐乐专属】白云山益生菌7000亿高活性益幽神益生元2g*10条/盒,32346,douyin,,200850.66,,31270,保质期:24月||产品名称:益生菌||适用性别:通用||产地:中国大陆||品牌:白云山||生产企业名称:锦乔生物科技有限公司||用法:含食/冲泡||适用人群:三岁以上||计价单位:盒||食用提示:婴幼儿不可食用||产品剂型:粉剂||商品条形码:6970529077590||食品生产许可证编号:SC10632087100125||规格（粒/袋/ml/g）:2g*10
3600288272410143030,SALUS/莎露斯德国铁元女士补铁铁元素孕妇孕期补铁口服液500ml,142381915,douyin,,1284880.8,,31329,保质期:25-36个月||食用方法/使用方法:6-10岁：每日2次，每次15ml。成人及孕妇：每日3次，每次15ml，请使用瓶盖上面的量杯服用||温馨提示:本品不可替代药品||品牌:SALUS/莎露斯||生产企业名称:SALUS/莎露斯||净含量:500ml||适用人群:通用||产品剂型:口服液||注意事项:开盖后放冰箱，并于4周内服务完毕。糖尿病遵医嘱||原产地:德国
3714586520905187711,【12盒装】NaturElan德国呐兔 红唇饮补铁口服液多维巴西莓0腥味,55032,douyin,,274419.6,,31329,套餐详情:【复合三角铁】NaturElan德国呐兔 红唇饮补铁口服液巴西莓24mg铁N-【1盒】7袋装x12
3728932261387698492,WonderLa焕活女士多维片复合维生素烟酰胺接骨木莓B族营养包女性,20645,douyin,,10683251.0,,31343,套餐详情:WonderLab女士多维片复合维生素烟酰胺接骨木莓营养营养包-默认x3、WONDERLAB叶黄素复合软胶囊明目护眼睛防蓝光抗氧化玉米黄质官方-默认x1
3630945439479670883,【K2瘦维素】medisum女士K2平台期管理代谢发肤甲60粒/盒（27年3月）,44649679,douyin,,178704.9,,31343,保质期:25-36个月||食用方法/使用方法:一天一粒，早餐后服用||温馨提示:本品不可替代药品||产品名称:medisum女士K2瘦维素||品牌:medisum||生产企业名称:CAREDIN  PTY  LTD||净含量:0.045kg||适用人群:成人||产品剂型:片剂||注意事项:对维生素过敏者慎用||原产地:澳大利亚
3695317308919644520,青春款7-18周岁[3盒装]γ-氨基丁酸多维生素综合营养咀嚼片青少年,155802367,douyin,,133208130.0,,31280,保质期:2年||是否临期:否||产品名称:养能健/γ-氨基丁酸多维营养咀嚼片2号||适用性别:通用||产地:中国大陆||品牌:养能健||生产企业名称:安徽万花草保健品有限公司||产品剂型:片剂||食品生产许可证编号:SC11434160205012||规格（粒/袋/ml/g）:90片/瓶
3649080157337190868,小葵花【万人回购】γ-氨基丁酸多维营养60粒/瓶 儿童青少年生长素D,54238,douyin,,13561393.0,,31280,保质期:18月||产地:中国大陆||产品名称:γ-氨基丁酸成长维生素矿物质片||品牌:小葵花||生产企业名称:上海海维生物科技有限公司无锡医药科技分公司||食品生产许可证编号:SC10632027100077||规格（粒/袋/ml/g）:60粒
3620058785915219748,【膳力多】γ-氨基丁酸综合维生素矿物质片60粒综合营养咀嚼片儿童,48269,douyin,,13276311.0,,31280,保质期:24月||产品名称:γ-氨基丁酸综合维生素矿物质片||适用性别:通用||产地:中国大陆||品牌:膳力多||生产企业名称:安徽金源药业有限公司/武汉华源晨泰健康生物科技有限公司||用法:嚼服||计价单位:盒||成分:γ氨基丁酸、复合营养素||产品剂型:颗粒||商品条形码:6976117960169||食品生产许可证编号:sc11334122206682||规格（粒/袋/ml/g）:1g*60粒
3690081584997859793,儿童款3-6周岁[3盒装]γ-氨基丁酸多维生素综合营养咀嚼片1号儿童,155802367,douyin,,6454680.0,,31280,保质期:24月||是否临期:否||产品名称:养能健γ-氨基丁酸多维营养咀嚼片||适用性别:通用||产地:中国大陆||品牌:养能健||生产企业名称:安徽万花草保健品有限公司||适用人群:儿童||成分:复合矿物质（柠檬酸钙、氧化镁、富马酸亚铁、氧化锌、亚硒酸钠）、山梨糖醇、蓝莓果粉、γ-氨基丁酸（食用香料，添加量65mg/1g）、复合维生素（维生素A、维生素C、维生素E、维生素D、维生素B1、维生素B2、维生素B6、维生素B12）、L-赖氨酸（食用香料，添加量32mg/1g）、甘氨酸（食用香料）、L-亮氨酸（食用香料）、硬脂酸镁、甜菊糖苷、低聚果糖 青春款：复合矿物质（碳酸钙、氧化镁、富马酸亚铁、氧化锌、亚硒酸钠）、山梨糖醇、蓝莓果粉、γ-氨基丁酸（食用香料，添加量130mg/2g）、复合维生素（维生素A、维生素C、维生素E、维生素D、维生素B1、维生素B2、维生素B6、维生素B12）、L-赖氨酸（食用香料，添加量65mg/2g）、甘氨酸（食用香料）、L-亮氨酸（食用香料）、硬脂酸镁、甜菊糖苷、低聚果糖||食品生产许可证编号:SC11434160205012||规格（粒/袋/ml/g）:1g*1片
3724393808033612199,【白云山 买2送1】 白白片-白番茄虾青素烟酰胺维生素 CS-1,32346,douyin,,3785202.0,,31280,保质期:24月||产品名称:白番茄虾青素烟酰胺维生素片||产地:中国大陆||品牌:白云山||生产企业名称:山东凝善堂生物科技有限公司||食品生产许可证编号:SC13037150100941||规格（粒/袋/ml/g）:1g*30粒
3730011904379322431,NYO3蒙克纪念版纯南极磷虾油,45678,douyin,,8918240.0,,31396,套餐详情:【粉丝专享】NYO3诺威佳蒙克纯南极磷虾油 鱼油升级版 30粒/瓶-默认x5、【挪威溯源】NYO3女性复合维生素多重营养补充亮白焕新-默认x1、NYO3奶蓟草高浓度肝片肝脏熬夜水飞蓟加班应酬饮酒60粒-默认x1
3620572710930920447,红凯撒红曲米鱼油辅酶q10 90粒/盒DB,142329083,douyin,,259001.28,,31396,保质期:25-36个月||食用方法/使用方法:每日2-3粒||温馨提示:本品不可替代药品||产品名称:红凯撒红曲米鱼油||品牌:omegor/金凯撒||适用人群:成人||产品剂型:颗粒||注意事项:干燥阴凉处||原产地:意大利
3725576444542321084,【白云山】升级版氨基丁酸赖氨酸牦牛复合钙儿童全面营养 CS,32346,douyin,,5791190.0,,31297,保质期:24月||营养成分:叶黄素酯||产地:中国大陆||产品名称:γ氨基丁酸赖氨酸牦牛复合钙||品牌:白云山||生产企业名称:山东凝善堂生物科技有限公司||适用人群:儿童||食品生产许可证编号:SC13037150100941||规格（粒/袋/ml/g）:0.6gX60粒
3670803933317693555,【到手十盒】DHA蓝莓叶黄素脂软糖宝宝爱吃口味酸甜独立包装多营养D,1120166,douyin,,68705.32,,31297,保质期:12月||产地:中国大陆||产品名称:南京同仁堂蓝莓叶黄素脂果汁软糖||净含量:60g||生产企业名称:安徽本草润堂健康产业有限公司||品牌:贵妃颜||食品生产许可证编号:SC10734161108927||产品:软糖||贮存条件:常温||包装方式:包装
3676772018260410586,FoYes迅增增肌粉益生菌复合乳清蛋白粉瘦人运动营养补充健身增重,155794184,douyin,,8060246.0,,31284,保质期:18月||产地:中国大陆||适用性别:通用||产品名称:迅增增肌粉||品牌:FoYes||生产企业名称:浙江吉美食品科技有限公司||产品剂型:粉剂||食品生产许可证编号:SC10633052303932||规格（粒/袋/ml/g）:3磅
3670970749973299294,【新春钜惠】小分子肽蛋白粉Y9动植物双蛋白特殊膳食营养补品,155796037,douyin,,134213.88,,31284,保质期:24月||产地:中国大陆||产品名称:小分子肽蛋白粉||品牌:森云生||生产企业名称:安徽领克药业有限公司||食品生产许可证编号:SC10634122230677||规格（粒/袋/ml/g）:20g*20袋
3621507373031648695,BESEEM 美国进口前列番茄红素胶囊60粒/瓶,124235105,douyin,,134962.3,,31377,保质期:25-36个月||食用方法/使用方法:每日1粒||温馨提示:本品不可替代药品||品牌:BESEEM/蓓森牧||净含量:60粒/瓶||适用人群:通用||产品剂型:胶囊||注意事项:本品不可替代药品||原产地:美国
3542249278980392060,Springleaf 绿芙澳洲棕榈果番茄红素南瓜籽软胶囊60粒/瓶 db-1,50855804,douyin,,12762.68,,31377,保质期:13-24个月||食用方法/使用方法:成人每天2粒||温馨提示:本品不可替代药品||品牌:SpringLeaf||适用人群:成人||产品剂型:胶囊||注意事项:无||原产地:澳大利亚
3722224273956405692,【六合一】HealthA2Z男士活力丸能量补充胶囊30粒缓解疲劳压力,96554347,douyin,,8253.3,,31377,套餐详情:HealthA2Z男士活力焕发胶囊30粒-默认x1
3681788885781840359,【固肾益气】补气血好气色云杉黑金黑番茄胶囊60粒SPRUTRITION,35665844,douyin,,7006.86,,31377,套餐详情:云杉美国前列健康黑金黑番茄红素胶囊60粒SPRUTRITION-默认x2
3639101897970973940,【品牌直发】Noromega番茄红素胶囊60粒/瓶x3+牡蛎精胶囊90粒/瓶x3,13063,douyin,,6740.6,,31377,套餐详情:【品牌直发】Noromega番茄红素胶囊60粒/瓶备孕男士肾功能前列腺炎-默认x3、【官方正品】挪威Noromega牡蛎精华胶囊90粒/瓶生精肾虚强壮保健品-牡蛎粉90粒/瓶x3、ZP|挪威Noromega奶蓟草30粒/瓶-默认x2
3699019809284030672,【品牌直发】Noromega番茄红素胶囊60粒/瓶备孕护肾锌叶酸前列腺炎,13063,douyin,,4528.3,,31377,套餐详情:【品牌直发】Noromega番茄红素胶囊60粒/瓶备孕护肾锌叶酸前列腺炎-默认x1
3728685244925214814,【春节送礼】Swisse柠檬酸钙维D钙迷你片300片/瓶-zYY,51206,douyin,,1792282.8,,31328,套餐详情:【达播FB】SWISSE斯维诗柠檬酸钙维D迷你片娘娘钙300片/瓶进口-默认x3、【达播FB】Swisse/斯维诗儿童DHA深海鱼油胶囊60粒/瓶-默认x1
3608311880231292466,Swisse 斯维诗柠檬酸钙维生素D迷你钙300片/瓶成人孕妇钙片[直播],51206,douyin,,100197.74,,31328,套餐详情:【达人专属】Swisse 柠檬酸钙维生素D迷你钙 300片/瓶（新）-默认x1
3716454187400298939,【定向肾细胞】SUSUMOTOYA定向の精力3瓶 九州限定和黄芪,19737296,douyin,,11444452.0,,31417,套餐详情:SUSUMOTOYA 定向の精力650mg*90粒-默认x3
3729128143932490059,新加坡 Biowell SKIN WHITE 6 3D钻光耀白盒60粒/盒LL001,6755133,douyin,,121935.3,,31417,套餐详情:新加坡 Biowell SKIN WHITE 6 3D钻光耀白盒60粒/盒-默认x2
3728022370343059789,【杨先生补贴】迪拜王室专供南美洲秘鲁OMEGA-3鱼油试吃一盒q,14576,douyin,,2499169.5,,31308,保质期:2年||产地:中国大陆||产品名称:迪拜王室专供南美洲秘鲁OMEGA-3鱼油||品牌:COGU||生产企业名称:汉正药业（河南）有限公司||食品生产许可证编号:SC11341058100506||规格（粒/袋/ml/g）:1g*30粒
3728127307240571231,【年货节】（8瓶）岁岁伴高纯度EPA鱼油EPA＞91%欧米伽3＞97%高纯度鱼油,141361155,douyin,,62472.8,,31308,保质期:2年||是否临期:否||产品名称:高纯度鱼油||适用性别:通用||产地:中国大陆||品牌:岁岁伴||生产企业名称:广东爱塔馨安生物科技有限公司||计价单位:盒||食品生产许可证编号:SC12744011303076||规格（粒/袋/ml/g）:0.75g/粒*60粒
3628900822445885703,【直播】宫诺优巢片Dci手性myo肌醇女性服用营养,31676,douyin,,14718.13,,31298,保质期:24月||是否临期:否||产品名称:优巢·地中海角豆血橙压片糖果||适用性别:女||产地:中国大陆||品牌:宫诺||生产企业名称:湖北唐缘生物医药科技有限公司||适用人群:成人||计价单位:瓶||在华注册码:6937231108417||产品剂型:片剂||商品条形码:6937231108417||食品生产许可证编号:SC10642011200231||规格（粒/袋/ml/g）:500mg*30片
3509428096161943200,【复合益生菌】中闽飘香复合益生菌固体饮料60g/盒,40510,douyin,,12826.05,,31298,保质期:24月||是否临期:否||产地:中国大陆||产品名称:复合益生菌||品牌:zmpx/中闽飘香||生产企业名称:安徽安道全药业有限公司||包装方式:包装||贮存条件:常温||食品生产许可证编号:SC10634122207445
3545420725764666877,宫诺优巢Dci手性肌醇Myo女性多囊怀角豆饮卵孕可搭備保养巢30片,31676,douyin,,5959.1,,31298,保质期:24月||产地:中国大陆||适用性别:女||产品名称:优巢片||品牌:宫诺||生产企业名称:湖北唐缘生物医药科技有限公司||适用人群:不限||计价单位:瓶||产品剂型:片剂||商品条形码:6937231108417||食品生产许可证编号:SC10642011200231||规格（粒/袋/ml/g）:0.5g*30片
3662549284760457408,德国修女姜黄胆碱水飞蓟奶蓟草【三盒装】a,40482260,douyin,,20797846.0,,31360,套餐详情:【直播专属】德国修女姜黄水飞蓟植物片进口奶蓟草 30粒/盒-默认x3
3684579834819903658,【秦岚推荐】SWISSE斯维诗浓缩奶蓟草净化片120片升级版6瓶礼盒装,13541118,douyin,,205685.58,,31360,保质期:13-24个月||食用方法/使用方法:每天两片，随餐或餐后立即服用，或遵医嘱。如果症状持续存在，请咨询保健专业人士。||温馨提示:本品不可替代药品||产品名称:Swisse斯维诗奶蓟草净化片120片/瓶||品牌:SWISSE/斯维诗||适用人群:成人||产品剂型:片剂||注意事项:请于25摄氏度以下干燥，阴凉处储保存。密封盖若破损，请勿服用。||原产地:澳大利亚
3721731469509525552,【葵花药业】骨胶原钙维生素D片运动营养综合营养维生素60g/瓶mty-1,155752963,douyin,,27353030.0,,31313,保质期:18月||产品名称:骨胶原钙维生素D片||适用性别:通用||产地:中国大陆||品牌:SUNFLOWER/葵花药业||生产企业名称:上海海维生物科技有限公司无锡医药科技分公司||适用人群:成人||食品生产许可证编号:SC10632027100077
3592182554536618743,膳力多果蔬复合酶片综合果蔬粉60粒送益生菌,48269,douyin,,2683951.5,,31313,保质期:24月||是否临期:否||产品名称:果蔬复合酶片||适用性别:通用||产地:中国大陆||品牌:膳力多||生产企业名称:武汉华源晨泰健康生物科技有限公司||计价单位:瓶||产品剂型:颗粒||商品条形码:6976117960084||食品生产许可证编号:sc10642011204357
3692028774985105527,【兵哥专享】法国Vitavea小腹婆丸20种膳食纤维60粒益生元,22706,douyin,,9853071.0,,31394,套餐详情:【胡兵专属 】法国Vitavea小腹婆丸20种膳食纤维60粒益生元-默认x8
3707955443495206940,【顺丰发货不打烊】ESI卡路里拜拜片2盒+k糖小丸子1盒,21452,douyin,,375409.9,,31394,套餐详情:【姐姐同款-店铺推荐】体验装-ESI意大利拜拜片1盒-24粒/盒x2、体验装-ESI·Fit系列梨果仙人掌平衡减震控卡片 24片 19.2 g/盒-默认x1
3694231294344036614,ALLPAIR银座系列提拉饮20ml*30支/盒,155751735,douyin,,4179991.8,,31304,套餐详情:ALLPAIR银座系列提拉饮20ml*30支/盒-30支*1盒x4
3729245501917364311,JANEJI LABO简际黄芪桃胶玫瑰营养纤维饱感饮,136981183,douyin,,240847.73,,31304,保质期:18月||是否临期:否||产品名称:简际黄芪桃胶玫瑰营养纤维饱感饮||适用性别:通用||产地:中国大陆||品牌:JANEJI LABO||生产企业名称:武汉森澜生物科技有限公司||适用人群:成人||计价单位:袋||成分:黄芪红枣黑松露雪莲提取物党参提取物紫灵芝提取物||产品剂型:冲剂||食品生产许可证编号:SC10642011400171||规格（粒/袋/ml/g）:8g*袋
3689901580762611859,【达人专属】薄荷生活满感饮餐前饱腹管理期控量饮料非代餐,48957280,douyin,,1342026.8,,31995,保质期:18月||是否临期:否||产品名称:薄荷健康满感饮餐前饱腹饮食糖油管理期食欲控量饮料非代餐食品||产地:中国大陆||品牌:薄荷生活||生产企业名称:南京优能健康科技有限公司||食品生产许可证编号:SC10732012400702
3730608477433888944,【新年大场 薇宝专属】卡路琳 乳清蛋白复合营养饱足饮,155818071,douyin,,851270.25,,31995,保质期:18月||产地:中国大陆||产品名称:卡路琳 乳清蛋白复合营养饱足饮||品牌:KALULIN/卡璐琳||生产企业名称:广东朝日健康产业有限公司||食品生产许可证编号:SC10644180200694
3642661534653618554,【h6反重力胶囊】西班牙概念180HGH 内源补充提拉紧致 60粒/瓶,155640547,douyin,,11810270.0,,28343,套餐详情:概念180/180 the concept 姜黄素胶囊e7 3.28g/盒-默认x6、【西班牙概念180*h6】HGH反重力胶囊抗皱纹紧致提拉 60粒/瓶抗老-默认x3
3722018328185798692,【香港原装正品-口服亮白】冰肌颜麦角硫因胶囊美容内调K衰V脸60粒,2897399,douyin,,407260.03,,28343,保质期:25-36个月||食用方法/使用方法:口服||温馨提示:本品不可替代药品||产品名称:莱特维健冰肌颜||品牌:WRIGHT LIFE/莱特维健||生产企业名称:萊特維健藥廠有限公司（香港）||适用人群:成人||产品剂型:胶囊||注意事项:本品不可替代药品||原产地:香港特别行政区
3707063786776166899,【小葵花】第三代山楂茯苓山药五色软糖酸甜可口维生素60g/瓶,54238,douyin,,3193516.2,,31994,保质期:2年||产品名称:五色软糖||产地:中国大陆||品牌:小葵花||生产企业名称:湖北康恩萃生物科技有限公司||食品生产许可证编号:SC11342122350094
3727962758336086330,【6盒装】春节不打烊 酒后呵护家中常备草本营养健康压片糖果咀嚼,54380793,douyin,,115130.29,,31994,保质期:2年||是否临期:否||产品名称:人参葛根枳椇子低聚肽果糖压片||产地:中国大陆||品牌:护局儿||生产企业名称:山东佰诺生物科技有限公司||食品生产许可证编号:SC10637172500866
3731650872598462708,邦硬坦克6号联名新西兰进口人参牡蛎肽5瓶试吃一瓶不满意退全款E1,111016205,douyin,,385526.72,,31309,保质期:24月||是否临期:否||产地:中国大陆||产品名称:人参牡蛎肽||品牌:百祺堂||生产企业名称:亳州本草御堂健康产业发展有限公司||食品生产许可证编号:SC10634166031723
3732670250806804642,邦硬坦克6号联名新西兰进口人参牡蛎肽5瓶试吃一瓶不满意退全款E1,111016205,douyin,,106986.8,,31309,保质期:24月||是否临期:否||产地:中国大陆||产品名称:人参牡蛎肽||品牌:百祺堂||生产企业名称:亳州本草御堂健康产业发展有限公司||食品生产许可证编号:SC10634166031723
3724627853585809889,【静宜专属】维特健灵 祛湿轻1瓶60粒➕1瓶40粒➕2瓶10粒【2个月的量】,41592,douyin,,8428095.0,,31390,保质期:37-48个月||食用方法/使用方法:口服||温馨提示:本品不可替代药品||产品名称:祛湿轻||品牌:Vita Green/维特健灵||适用人群:通用||产品剂型:胶囊||注意事项:本品不可替代药品||原产地:香港特别行政区
3730566756197072906,HOYOM 【猫姐专属】澳大利亚原装进口尊享黑盒男性专属活力之源-A,155811391,douyin,,377034.0,,31390,保质期:13-24个月||食用方法/使用方法:口服||温馨提示:本品不可替代药品||产品名称:活力之源||品牌:HOYOM||适用人群:成人||产品剂型:片剂||注意事项:可直接咀嚼服用||原产地:澳大利亚
3590870671640684565,OLLY女性发肤甲复合维生素叶酸烟酰胺软糖90粒/瓶 【官方】,36612,douyin,,5151206.0,,31409,套餐详情:【力荐】OLLY男士多种营养复合维生素软糖VB12辅酶Q10钙片90粒/瓶-90粒/瓶x1、【三只羊】OLLY女性综合VC叶酸烟酰胺多种维生素营养软糖90粒-默认x1、【星品尝鲜装】OLLY发膜软糖高倍生物素角蛋白双重精粹光泽营养10粒-发膜软糖10粒/袋x1
3584375880002207655,【力荐】OLLY清透肌肤去瑕亮肤含锌矿物质祛痘印闭口维生素AE软糖,36612,douyin,,2305927.2,,31409,保质期:13-24个月||食用方法/使用方法:食用||温馨提示:本品不可替代药品||品牌:OLLY||适用人群:成人||产品剂型:片剂||注意事项:本品不可替代药品||原产地:美国
3506804339345856328,【全家守护*优化免疫】大蒜精油软胶囊480粒/盒,38182,douyin,,23016.96,,31380,保质期:25-36个月||食用方法/使用方法:每天3次，每次1-2粒||温馨提示:本品不可替代药品||品牌:Doppel Herz/双心||生产企业名称:双心||适用人群:成人||产品剂型:丸剂||注意事项:本品不可替代药品||原产地:德国
3620591612998113466,【10瓶特惠】Synext澳洲红宝石女性护理高含量蔓越莓欧芹绿茶提取物,27321,douyin,,11919.0,,31380,套餐详情:synext澳洲红宝石蔓越莓大蒜提取物女性小花园复合片剂30粒/瓶-默认x12
3697350147106275767,UBIO【进博会好物】优碧欧黑蒜铬片血管血脂胆固醇血糖健康黑蒜片,155806586,douyin,,11378.25,,31380,保质期:25-36个月||食用方法/使用方法:每日一次，一次两片||温馨提示:本品不可替代药品||净含量:60g||品牌:UBIO||适用人群:成人||产品剂型:片剂||注意事项:每日一次，一次两片，餐前服用||原产地:澳大利亚
3698680566770696510,【春节不打烊】诺特兰德钙铁锌液体直饮包钙锌协同营养好吸收草莓味,22044,douyin,,20475774.0,,31278,保质期:12月||产品名称:诺特兰德钙铁锌||产地:中国大陆||品牌:诺特兰德||生产企业名称:山东捷晶生物科技有限公司||食品生产许可证编号:SC11337012600809||规格（粒/袋/ml/g）:30条/桶
3725518402245230685,氨糖软骨素 无蔗糖 120粒/盒,31633,douyin,,1400334.6,,31278,保质期:2年||产品名称:氨糖软骨素||产地:中国大陆||品牌:蜀总厂||生产企业名称:安徽盖士健药业有限公司||食品生产许可证编号:SC10634122207582||规格（粒/袋/ml/g）:120粒
3622028142262249835,【进口年货】Oppuland甲钴胺咀嚼片维生素b12叶酸营养修护神经140粒,46330,douyin,,3412881.2,,31326,套餐详情:欧普兰升级甲钴胺营养神经活性维生素b12叶酸加量樱桃味140粒/瓶-默认x3
3650414524462446550,【优惠专享】健美生维生素b复合片(缓释)100mg含生物素 120片/瓶,139383143,douyin,,116777.1,,31326,保质期:25-36个月||食用方法/使用方法:随餐温水吞服||温馨提示:本品不可替代药品||产品名称:健美生维生素B族||品牌:Jamieson Natural Sources Since 1922 I/健美生||适用人群:成人||产品剂型:片剂||注意事项:每日1片||原产地:加拿大
3721906631169147113,【拍一发八】白云山 L-精氨酸牡蛎锌硒多维小蓝片持续巅峰CS-4,32346,douyin,,10367722.0,,31316,保质期:24月||产品名称:多维小蓝片||产地:中国大陆||品牌:白云山||生产企业名称:山东凝善堂生物科技有限公司||食品生产许可证编号:SC13037150100941||规格（粒/袋/ml/g）:0.6g*30粒
3714544103615234120,【超值特惠】非变性II型胶原蛋白30粒/瓶×12瓶装,111580315,douyin,,728264.8,,31316,保质期:2年||产品名称:迈乐佳二型骨胶原||产地:中国大陆||品牌:MALEEJIA/迈乐佳||生产企业名称:安徽华都药业有限公司||食品生产许可证编号:SC12734120301510||规格（粒/袋/ml/g）:1g*30粒
3612231205459725315,【优惠专享】健美生Jamieson维生素C-橙味 120片/瓶 VC咀嚼片进口,139383143,douyin,,1534697.9,,31337,保质期:25-36个月||食用方法/使用方法:咀嚼食用||温馨提示:本品不可替代药品||产品名称:JAMIESON健美生维生素C咀嚼片500mg-橙味120片||品牌:Jamieson Natural Sources Since 1922 I/健美生||适用人群:通用||产品剂型:片剂||注意事项:每日1-4片||原产地:加拿大
3581976986089870462,【多维强体质】FANCL维生素C片90粒/袋营养亮白芳珂强抵抗力防流感,41874,douyin,,63660.8,,31337,保质期:13-24个月||食用方法/使用方法:每日1次，每次3片，水送服||温馨提示:本品不可替代药品||产品名称:FANCL 维生素C 90粒/袋||品牌:FANCLHEALTHSCIENCE/芳珂健康科学||适用人群:通用||产品剂型:片剂||注意事项:6岁以下儿童不建议服用||原产地:日本
3699721398466511162,【效期至2027年6月】Beseem叶黄素+PQQ胶囊60粒/3瓶,124235105,douyin,,1109460.0,,31368,套餐详情:美国进口BESEEM叶黄素高含量40mg+PQQ10mg护眼胶囊60粒眼睛提取物-默认x3
3644678838186837756,【靶向眼底素】BECHI视网膜精粹 专利靶向飞蚊重影叶黄素 眼底素,27245,douyin,,36179.44,,31368,套餐详情:BECHI专利美瞳亮眼丸 30粒/瓶-默认x3
3572893011929093519,万益蓝WonderLab白芸豆控控片膳食纤维咀嚼片官方到手100片,155760619,douyin,,7404089.5,,31996,保质期:18月||产地:中国大陆||产品名称:万益蓝wonderlab白芸豆压片糖果||品牌:WONDERLAB/万益蓝||生产企业名称:深圳保时健生物工程有限公司||商品条形码:6973939343309||食品生产许可证编号:SC12744030701096
3729312288692371758,indiepure/乐了4.0升级版白芸豆草莓酸奶限定口味 14包/盒,51057635,douyin,,394880.16,,31996,保质期:18月||是否临期:否||产品名称:乐了白芸豆膳食纤维压片糖果||产地:中国大陆||品牌:indiepure/乐了||生产企业名称:浙江新维士生物科技有限公司||商品条形码:6973300340760||食品生产许可证编号:SC10633102301308
3697120170758766640,VITAS日本瓜氨酸精氨酸粉末活力健身氨基酸240g,155809513,douyin,,2266766.5,,31346,保质期:13-24个月||食用方法/使用方法:每日一次。使用赠送的勺子，取一满勺（约8克），溶解在约150ml的水中饮用。||温馨提示:本品不可替代药品||净含量:240g||品牌:VITAS||适用人群:成人||产品剂型:冲剂||注意事项:请根据个人喜好适当增减水量。冲泡后请尽快饮用。||原产地:日本
3719422750574641378,【“精”瓜协同】VORSE精氨酸瓜氨酸片60粒/瓶高含量2:1黄金比例 DX,155813780,douyin,,309409.25,,31346,保质期:25-36个月||食用方法/使用方法:一日一粒||温馨提示:本品不可替代药品||品牌:VORSE||适用人群:成人||产品剂型:片剂||注意事项:孕妇，哺乳期遵医嘱||原产地:香港特别行政区
3698843526461784383,【年货节-40+营养包】GNC女士男士40+营养包 专业搭配30袋/盒 dczb,18614,douyin,,1128207.8,,28335,套餐详情:【单盒装】GNC女士营养包 专业搭配多重补充30袋/盒gw-30+抗初老x4、【官方直播】GNC健安喜硒元素200微克90片/瓶-默认x1
3681441266203230546,【眼、脑、骨-综合营养】GNC儿童每日营养包DHA叶黄素VD钙锌,18614,douyin,,69266.88,,28335,套餐详情:【店播新链接】GNC/健安喜 VITAPAK 儿童 每日营养包 3粒/袋 30袋-默认x1
3673250026781540645,me today双专利8mg虾青素精华瓶维生素E天然雨生红球藻营养30粒,155796815,douyin,,1684940.6,,31400,套餐详情:me today虾青素5效精华瓶x1
3676603468501614890,me today 1218打光瓶虾青素天然雨生红球藻冰白番茄提取物组合装,155796815,douyin,,256677.62,,31400,套餐详情:me today虾青素5效精华瓶维生素E冰白番茄提取物橄榄提取物90粒zz-1瓶（90粒/瓶）x3、【双十一抢先购】me today虾青素5效精华瓶维生素E冰白番茄15粒ZZ-1瓶（15粒/瓶）x1
3716990553536200758,【新升级33种菌株】多维钙铁锌益生菌【1盒+补贴5盒3月量】白云敬修堂,10400,douyin,,8244391.0,,31314,保质期:24月||是否临期:否||产地:中国大陆||适用性别:通用||产品名称:广州白云敬修堂多维钙铁锌益生菌||品牌:敬修堂||生产企业名称:安徽百盛药业有限公司||适用人群:三岁以上都可以||计价单位:盒||产品剂型:冲剂||食品生产许可证编号:sc10634122205790||规格（粒/袋/ml/g）:30g
3492119536906405983,赛霸 一水肌酸粉 300g 健身补剂官方旗舰店成人吸收原味力量速度,16395,douyin,,416830.12,,31314,保质期:24月||是否临期:否||产品名称:肌酸粉||适用性别:通用||产地:中国大陆||品牌:CPTKING/赛霸||生产企业名称:浙江吉美食品科技有限公司||适用人群:成人||计价单位:瓶||产品剂型:粉剂||商品条形码:6972448480604||食品生产许可证编号:SC10633052303932||规格（粒/袋/ml/g）:300g/瓶
3466382344271839698,ISDG日本原装正品232种健康发酵果蔬夜间酵素轻盈小丸子 120粒/袋,17488,douyin,,688942.56,,31321,保质期:25-36个月||食用方法/使用方法:16周岁以上服用，每日睡前半小时2-4粒，温水送服||温馨提示:本品不可替代药品||产品名称:ISDG夜间酵素120粒/袋||品牌:ISDG||生产企业名称:株式会社医食同源ドットコム||适用人群:成人||产品剂型:片剂||注意事项:本品不可替代药品||原产地:日本
3666987790593294682,【送酵素便携装6粒*3包+维生素60粒*1】Herb健康本铺香槟金植物酵素,47156700,douyin,,91871.64,,31321,套餐详情:【HD】HERB植物酵素DOKKAN ABURADAS 香槟金180粒/瓶  HD日本经典-植物酵素DOKKAN ABURADAS 香槟金180粒/瓶*1x2、HERB植物酵素DOKKANABURADASPREMIUM香槟金小袋6粒/袋HS日常日本-1袋x3、【嘭嘭水润肌】（效期到24年11月）玻尿酸保湿胶原蛋白胶囊60粒/瓶-1瓶x2
3686056545474446089,【2盒更划算】爱茉莉内可美绿茶片第二代升级版组合,49200658,douyin,,3860045.0,,31416,套餐详情:爱茉莉内可美绿茶片第二代升级版60粒-默认x1、【便携装】内可美绿茶片第二代升级版10粒-默认x1
3726486777800818899,【赵艺涵专属】Vitawell超燃红魔法16倍代谢全面爆燃双针超模饮,138367973,douyin,,864728.06,,31416,套餐详情:【赵艺涵专属】Vitawell超燃红魔法16倍代谢全面爆燃双针超模饮-默认x3
3722182900528054964,到手共100天量·爱茉莉内可美第二代升级版绿茶片100天组合,49200658,douyin,,803496.44,,31416,套餐详情:爱茉莉内可美绿茶片第二代升级版补充装120粒-默认x1、【小样】内可美绿茶片第二代升级版10粒-默认x2、新·慧敏爱茉莉内可美第二代升级版绿茶片-默认x1
3727793351890698249,【长效组合】内可美绿茶片+绿茶瓶组合,49200658,douyin,,474504.06,,31416,套餐详情:爱茉莉内可美24年2合1纤体绿茶瓶7日装-默认x2、新·爱茉莉内可美第二代升级版60粒正装-默认x1、【便携装】内可美绿茶片第二代升级版10粒-默认x1
3596105466029197516,【超模优选】意大利ZUCCARI888代代饮身材管理阻断燃热量好吸收,115670570,douyin,,462896.62,,31416,套餐详情:zuccari意卡莉控脂饮888毫升意大利进口自然膳食24种植萃配方-默认x1
3721338827936235902,爱茉莉内可美第二代升级版绿茶片组合,49200658,douyin,,302190.53,,31416,套餐详情:新·爱茉莉内可美第二代升级版60粒正装-默认x1、【便携装】内可美绿茶片第二代升级版10粒-默认x1
3622786427118577402,【还原辅酶】还原辅酶q10卵巢养护PQQ抗衰营养胶囊美国辅酶q10,43768,douyin,,224611.92,,31416,套餐详情:还原型辅酶q10含PQQ线粒体备孕成人营养胶囊美国原装进口-郑州仓-默认x1
3717195945272803524,【多拍多划算】爱茉莉内可美绿茶片第二代升级版组合,49200658,douyin,,152598.38,,31416,套餐详情:新·爱茉莉内可美第二代升级版60粒正装-默认x6、【便携装】内可美绿茶片第二代升级版10粒-默认x8
3723711756548309386,【自营】COMELY JOURNEY 康木里 激活小棕罐60粒 多规格【jc】,155805991,douyin,,1605124.0,,31345,套餐详情:【自营】COMELY JOURNEY BAT Activator激活小棕罐 60粒/盒 jc【W】-默认x3
3722185937229316549,【自营】COMELY JOURNEY  双舱纤体瓶  多规格 g 【jc】,155805991,douyin,,393564.38,,31345,套餐详情:【自营】COMELY JOURNEY 双舱纤体瓶 0.272g*14胶囊/1盒 g【W】-默认x1、【自营】COMELY JOURNEY 双舱纤体瓶 0.272g*14胶囊/1盒 g【W】-默认x1、【自营】COMELY JOURNEY 双舱纤体瓶 0.272g*14胶囊/1盒 g【W】-默认x1
3571767066925089282,【专享】fiboo蛋白棒代餐生椰饱腹零食膳食纤维解馋巧克力蛋白棒A,45895287,douyin,,205452.84,,31991,保质期:9月||产地:中国大陆||产品名称:FIBOO双层蛋白棒||品牌:FIBOO/她练||生产企业名称:浙江衡美健康科技股份有限公司||商品条形码:6975568620370||食品生产许可证编号:SC12433011007301
3718706281410855222,【世货专属】诺特兰德多酚可可天然可可粉4重植物成分  7条装,22044,douyin,,151973.38,,31991,保质期:24月||产地:中国大陆||产品名称:诺特兰德多酚可可||品牌:诺特兰德||生产企业名称:山东捷晶生物科技有限公司||食品生产许可证编号:SC11337012600809
3617177964183198950,【老夏专属】超模饮食韩国进口PH地中海代餐粉多种营养奶昔轻食,54009,douyin,,1828900.5,,31992,保质期:1年||产品名称:地中海代餐||品牌:POSITIVEHOTEL||产地:韩国
3602364837625260842,【专享】fiboo爆料奶昔超模奶昔代餐奶昔乳清高蛋白营养膳食饱腹A,45895287,douyin,,1093295.9,,31992,保质期:9月||是否临期:否||产品名称:fiboo爆料奶昔||产地:中国大陆||品牌:FIBOO/她练||生产企业名称:浙江吉美食品科技有限公司||食品生产许可证编号:sc10633052303932
3579200156547050764,【老夏专属】韩国进口PH地中海代餐粉代餐奶昔营养轻食餐,54009,douyin,,599630.8,,31992,保质期:1年||商品条形码:8809608750407||产地:韩国||品牌:POSITIVEHOTEL||产品名称:地中海代餐
3715881386788389133,【老夏专属】超模饮食韩国进口PH地中海代餐粉多种营养奶昔轻食,54009,douyin,,385584.72,,31992,保质期:1年||产品名称:地中海代餐||品牌:POSITIVEHOTEL||产地:韩国
3726322692828299328,【自营专属】【专享】fiboo有料奶昔迷你专利高蛋白代餐饱腹懒人营养抗饿年货A,45895287,douyin,,147532.62,,31992,保质期:9月||产地:中国大陆||产品名称:迷你有料蛋白奶昔||品牌:FIBOO/她练||生产企业名称:浙江吉美食品科技有限公司||食品生产许可证编号:SC10633052303932
3515918227928670070,【超模饮食】李心艾同款韩国进口PH地中海代餐饱腹奶昔多种营养轻食,54009,douyin,,96689.67,,31992,保质期:1年||商品条形码:8809608750278||产地:韩国||品牌:POSITIVEHOTEL||产品名称:地中海代餐
3586428548010913738,【韩国进口】地中海代餐奶昔超模轻断食膳食营养饱腹700g/盒新年,54009,douyin,,94149.12,,31992,保质期:1年||商品条形码:8809608750278||产地:韩国||品牌:POSITIVEHOTEL||产品名称:地中海代餐
3717977423170633752,每醍柒日均衡营养餐代餐全面均衡营养高蛋白膳食纤维,155816858,douyin,,81360.0,,31992,保质期:24月||产品名称:均衡营养餐||产地:中国大陆||品牌:每醍柒日||生产企业名称:北京康百世科技发展有限公司||食品生产许可证编号:SC10711152419972
3596790908248556052,热辣同款阻碳水躺瘦共轭亚油酸MISSPEP美国cla软胶囊 90粒/瓶,131382633,douyin,,30314.79,,31413,保质期:13-24个月||食用方法/使用方法:吞服||温馨提示:本品不可替代药品||产品名称:cla共轭亚油酸软胶囊||品牌:MISSPEP||适用人群:成人||产品剂型:胶囊||注意事项:常温储存||原产地:美国
3615002873391404984,Performix黑金魔V3X三倍蓝魔输出能量唤醒澎湃动力液体缓释胶囊,21294,douyin,,28251.6,,31413,保质期:25-36个月||食用方法/使用方法:每天1-2粒，早晨或训练前。 建立耐受性先从半量开始||温馨提示:本品不可替代药品||产品名称:黑金魔||品牌:PERFORMIX||适用人群:成人||产品剂型:胶囊||注意事项:注意事项：禁用于孕妇，哺乳期或准备备孕者~该产品用于18岁以上的健康成人。避免那些对咖啡因或其他刺激性作用的成分敏感的人使用。不要连续使用本品超过8周，不要与酒精混合。不要超过每日推荐量。||原产地:美国
3599780469677384255,Performix蓝魔SST液体能量胶囊V,21294,douyin,,19199.18,,31413,保质期:25-36个月||食用方法/使用方法:一次2粒， 新手先从1粒开始||温馨提示:本品不可替代药品||产品名称:蓝魔SST||品牌:PERFORMIX||适用人群:成人||产品剂型:胶囊||注意事项:本品不可替代药品||原产地:美国
3603868956420667841,V2X黑魔Performix进阶蓝魔双倍输出代谢提高状态唤醒缓释60粒/瓶F,21294,douyin,,16067.22,,31413,保质期:25-36个月||食用方法/使用方法:每天1-2粒，清晨空腹。 建立耐受性先从半量开始||温馨提示:本品不可替代药品||产品名称:黑魔||品牌:PERFORMIX||适用人群:成人||产品剂型:胶囊||注意事项:注意事项：禁用于孕妇，哺乳期或准备备孕者~该产品用于18岁以上的健康成人。避免那些对咖啡因或其他刺激性作用的成分敏感的人使用。不要连续使用本品超过8周，不要与酒精混合。不要超过每日推荐量。请先咨询医生或有资格认证的健康保健机构专业人士再食用，如果你是孕妇或在哺乳期或同时在服药， 但是，不局限于MAOL抑制剂，抗抑郁药物，阿司匹林，非甾体类抗炎药或产品含有苯肾上腺素，麻黄碱，伪麻黄碱或其他兴奋剂或你有一个医疗条件，但是不限于心脏，肝脏，肾脏，或甲状腺疾病，精神疾病或癫痫性障  碍，排尿困难，糖尿病，高血压，心律失常，周期性的头痛，增大的前列腺或青光眼。||原产地:美国
3709654266194034978,MegLifeExten进口vc维生素C+E+烟酰胺咀嚼片烟酸复合维生素白白片,155796812,douyin,,368.52,,31339,保质期:25-36个月||食用方法/使用方法:温热水吞服||温馨提示:本品不可替代药品||品牌:MegLifeExten||适用人群:成人||产品剂型:片剂||注意事项:处于孕期（包括怀孕、备孕、哺乳），请在服用之前咨询医生||原产地:英国
3729764065598374318,【中国医药 央企严选】骨胶原驼奶钙片男女老少-5,155792495,douyin,,3967125.0,,31354,包装类型:盒装||保质期:1年||产地:中国大陆||品牌:开宝本草||生产企业名称:安徽品正合堂健康科技有限公司||贮存条件:常温||是否为有机食品:否||食品生产许可证编号:SC11434160331928
3688638956829802770,【兔牙专属】goodhealth好健康骨胶原UC-II蛋白肽关节胶囊90粒/瓶,26966245,douyin,,371081.03,,31354,套餐详情:【专利骨胶原90天】goodhealth好健康骨胶原UC-II蛋白肽关节90粒/瓶-默认x1
3593619489482234473,【护私养花】英国HB荷柏瑞浓缩蔓越莓片蔓越莓女性,37205,douyin,,920168.56,,31371,保质期:25-36个月||食用方法/使用方法:每日3次，每次1粒。||温馨提示:本品不可替代药品||产品名称:英国HB荷柏瑞浓缩蔓越莓片100粒||品牌:Holland&Barrett||适用人群:成人||产品剂型:片剂||注意事项:孕妇慎用 经期适量食用||原产地:英国
3629708516874394872,【拍3件99】Holland&Barrett英国荷柏瑞浓缩蔓越莓片蔓越莓女性私护,37205,douyin,,170395.7,,31371,保质期:13-24个月||食用方法/使用方法:每日3次，每次1粒。||温馨提示:本品不可替代药品||产品名称:英国HB荷柏瑞浓缩蔓越莓片100粒||净含量:100粒||品牌:Holland&Barrett||适用人群:成人||产品剂型:片剂||注意事项:孕妇慎用||原产地:英国
3598439872895009821,naturewise活性维生素D3阳光瓶软胶囊维他命儿童成人360粒/瓶,53046530,douyin,,2191992.0,,31338,保质期:25-36个月||食用方法/使用方法:每天一粒||温馨提示:本品不可替代药品||产品名称:NW 维生素D3||品牌:naturewise/自然薇萃||适用人群:成人||产品剂型:胶囊||注意事项:无||原产地:美国
3702585375009669278,【进口年货】Oppuland成人脂质体维生素D3K2维生素d3阳光瓶强骨免疫,46330,douyin,,217082.45,,31338,套餐详情:Oppuland脂质体维生素D3K2软胶囊成人中老年骨骼引钙入骨180粒/瓶-默认x1
3675273173357691026,【拍一发三】李时珍葛根灵芝片加班熬夜应酬护浓缩甘肝片成人正品,34770,douyin,,196321.56,,31291,保质期:24月||是否临期:否||产品名称:葛根灵芝片||适用性别:通用||产地:中国大陆||品牌:BEISHANJIAN/倍膳健||生产企业名称:安徽医知客生物科技有限公司||用法:嚼食、一日3次、一次2片||适用人群:成人||计价单位:瓶||食用提示:灵芝(紫芝)推荐食用量≤5克/天；婴幼儿、孕妇及乳母不宜食用||产品剂型:压片糖果||食品生产许可证编号:SC10634160335340||规格（粒/袋/ml/g）:0.6克x100片
3607721012990497076,CREATE HEALTH/一源清卉【应酬常备】杨博士自研 葛玉片 40片/瓶,35325,douyin,,93251.43,,31291,保质期:24月||产地:中国大陆||产品名称:葛玉片||品牌:CREATE HEALTH/一源清卉||生产企业名称:中科利君股份有限公司||计价单位:瓶||食品生产许可证编号:SC10613043400584||规格（粒/袋/ml/g）:1.0g*40片
3673809414109921649,【旗舰正品】李时珍葛根灵芝片加班熬夜护浓缩食用甘肝片成人100片,34770,douyin,,64760.85,,31291,保质期:24月||是否临期:否||产地:中国大陆||适用性别:通用||产品名称:葛根灵芝片||品牌:BEISHANJIAN/倍膳健||生产企业名称:安徽医知客生物科技有限公司||用法:嚼食、一日3次、一次2片||适用人群:成人||计价单位:瓶||食用提示:灵芝(紫芝)推荐食用量≤5克/天；婴幼儿、孕妇及乳母不宜食用||产品剂型:压片糖果||食品生产许可证编号:SC10634160335340||规格（粒/袋/ml/g）:0.6克x100片
3695488177876894022,官方正品【拍一发六】敬修堂水飞蓟籽油人参菊花葛根片60g（1g×60片）,10400,douyin,,32350.08,,31291,保质期:24月||是否临期:否||产地:中国大陆||适用性别:通用||产品名称:敬修堂水飞蓟籽油人参菊花葛根片||品牌:敬修堂||生产企业名称:安徽百盛药业有限公司||计价单位:盒||产品剂型:片剂||食品生产许可证编号:SC10634122205790||规格（粒/袋/ml/g）:60克（1克×60片）
3696041575672053828,【宠粉专属】五个女博士12mg专利左旋虾青素凝胶糖果,35188512,douyin,,9856226.0,,31312,保质期:24月||产品名称:虾青素凝胶糖果||产地:中国大陆||品牌:五个女博士||生产企业名称:纽斯葆广赛（广东）生物科技股份有限公司||食品生产许可证编号:SC11344018400184||规格（粒/袋/ml/g）:30粒/瓶
3611610106892043205,绿A冻龄®左旋虾青素12mg天然湖水培育专利雨生红球藻口服国产60粒,26949,douyin,,1057536.0,,31312,保质期:24月||是否临期:否||产品名称:绿A冻龄虾青素||适用性别:通用||产地:中国大陆||品牌:绿A||生产企业名称:云南绿A生物产业园有限公司||适用人群:成人||计价单位:瓶||成分:虾青素||产品剂型:胶囊||商品条形码:6922631014277||食品生产许可证编号:SC12253072207077||规格（粒/袋/ml/g）:0.7g*60粒
3488834269168683767,【贾乃亮代言】诺特兰德维生素C+E+烟酰胺咀嚼片烟酸复合维生素VBvc,22044,douyin,,5152210.0,,31282,保质期:24月||是否临期:否||产品名称:烟酰胺||适用性别:通用||产地:中国大陆||品牌:诺特兰德||生产企业名称:山东捷晶生物科技有限公司||适用人群:成人||计价单位:瓶||产品剂型:片剂||食品生产许可证编号:SC11337012600809||规格（粒/袋/ml/g）:60片/瓶
3669888862626381995,21金维他维生素C维生素E烟酰胺高含量好吸收维C旗舰店正品官方B,19248,douyin,,1080009.8,,31282,保质期:24月||产地:中国大陆||产品名称:维生素C维生素E烟酰胺咀嚼片||品牌:21金维他||生产企业名称:东营佐宁生物科技有限公司||食品生产许可证编号:SC11337052100315||规格（粒/袋/ml/g）:0.8g*60
3638534713095914294,【生蚝素胶囊】新西兰goodhealth进口生蚝锌胶囊60粒/瓶,26966245,douyin,,1673734.4,,31397,保质期:25-36个月||食用方法/使用方法:每日1-2粒，早或午餐后服用||温馨提示:本品不可替代药品||产品名称:Good Health 牡蛎精胶囊||净含量:60粒||品牌:good health||适用人群:成人||产品剂型:胶囊||注意事项:不适用海鲜过敏者服用，通风人群不适用||原产地:新西兰
3658216360355477315,【澳洲进口】AOJU小黑瓶袋鼠生蚝胶囊90粒/瓶,155751750,douyin,,139159.67,,31397,套餐详情:【澳洲进口】AOJU小黑瓶袋鼠生蚝胶囊90粒/瓶-一瓶【体验套餐】x2
3662908565192056515,【年货节大牌钜惠】SUSUMOTOYA定向因数限定套装,19737296,douyin,,4203365.0,,31333,保质期:13-24个月||食用方法/使用方法:每日一次，一次1-3粒，餐前半小时温水送服||温馨提示:本品不可替代药品||品牌:SUSUMOTOYA||适用人群:成人||产品剂型:片剂||注意事项:孕期哺乳期女性慎用||原产地:日本
3677902760675770571,【达人专属】Unichi澳洲小熊家族女维生物素多维益生菌小熊TL,45113,douyin,,426373.7,,31333,套餐详情:明星同款Unichi养发小熊软糖含生物素维生素高颅顶 男女通用-默认x1
3717040248505631214,【宠粉专享】五个女博士富铁软糖4.6mgFe/粒添加5重有机铁,35188512,douyin,,2166645.2,,31274,保质期:18月||是否临期:否||产地:中国大陆||产品名称:五个女博士富铁软糖||品牌:五个女博士||生产企业名称:威海百合生物技术股份有限公司||食品生产许可证编号:SC11337108200263
3715394689743061238,五个女博士富铁软糖 每粒含铁4.6mg 5重有机铁 4g*60粒/瓶,35188512,douyin,,568059.5,,31274,是否临期:否||产品名称:五个女博士富铁软糖||产地:中国大陆||品牌:五个女博士||生产企业名称:威海百合生物技术股份有限公司||食品生产许可证编号:SC11337108200263
3712720441283051895,仁和黄精锰锌黄芪片锰锌枸杞草本精华成分九蒸九晒原料官方旗舰,139410830,douyin,,203744.75,,31274,食品生产许可证编号:SC11337052100315||产品名称:仁和黄精锰锌黄芪片||品牌:仁和||生产企业名称:东营佐宁生物科技有限公司||产地:中国大陆
3719824909845790950,【过年不打烊】五个女博士富铁软糖4.6mgFe/粒 5重有机铁嚼出好气色,35188512,douyin,,109727.94,,31274,保质期:18月||是否临期:否||产地:中国大陆||产品名称:五个女博士富铁软糖||品牌:五个女博士||生产企业名称:威海百合生物技术股份有限公司||食品生产许可证编号:SC11337108200263
3622976730676989167,云杉小分子PPC结节散槲皮素胶囊美国 60粒/瓶 SPRUTRITION/云杉H,35665844,douyin,,3716711.2,,31367,套餐详情:小分子结节散PPC槲皮素金雀异黄素胶囊60粒/瓶 SPRUTRITION/云杉 -默认x2
3622749539850657171,多处多发 小分子PPC结节散胶囊 槲皮素60粒/瓶 SPRUTRITION/云杉,35665844,douyin,,1242391.0,,31367,套餐详情:【美国原装进口】小分子PPC结节散胶囊60粒/瓶  SPRUTRITION/云杉-默认x2
3726514692898816238,【年货节限时福利】200mg高含量辅酶Q10*4瓶 一年装 养护心心/MR,65198080,douyin,,3862819.2,,31322,套餐详情:MegaRed脉拓 辅酶Q10胶囊片 高含量200mg-粉丝专享 YW1-辅酶Q10 90粒x4
3684396744835203401,【健康心动力】SWISSE斯维诗辅酶Q10胶囊150mg50粒心脏活力营养,51206,douyin,,131495.06,,31322,套餐详情:SWISSE斯维诗辅酶Q10胶囊150mg50粒心脏活力营养澳洲进口-【直播】-默认x2
3671789417992945680,【专享】fiboo元气铁高含量有机铁女性无蔗糖孕妇铁元素软糖补剂A,45895287,douyin,,10950438.0,,31288,保质期:18月||是否临期:否||产地:中国大陆||产品名称:FIBOO富铁软糖||品牌:FIBOO/她练||生产企业名称:仙乐健康科技（安徽）有限公司||食品生产许可证编号:SC11334059210015
3729239050834542963,【益宝归】A-M3骨胶原小分子液体钙DHA藻油牛骨胶原蛋白 试吃一盒,60179332,douyin,,451148.16,,31288,保质期:18月||是否临期:否||产地:中国大陆||产品名称:骨胶原小分子液体钙||品牌:益宝归||生产企业名称:安徽药顺药业有限公司||食品生产许可证编号:SC10634122230636
3720000840254227185,PVUU-胶原蛋白多肽细胞饮（胶原补充/燕窝肽/鳕鱼胶原）【夏厂长】,67614739,douyin,,668035.1,,31277,保质期:18月||是否临期:否||产品名称:胶原蛋白多肽细胞饮||适用性别:通用||产地:中国大陆||品牌:PVUU||生产企业名称:福建依美颜实业有限公司||用法:1-2瓶/天，摇匀后直接开瓶饮用，冷藏口感更佳。||适用人群:成人||计价单位:瓶||食用提示:本品建议每日食用量≤4瓶||产品剂型:口服液||商品条形码:6974822926517||食品生产许可证编号:SC10635060302093||规格（粒/袋/ml/g）:50ml*8
3565436233490505088,【旗舰新款】德国嘉利达万物生胶原蛋白肽透明质酸营养浓缩饮,37303164,douyin,,133875.0,,31277,保质期:18月||产品名称:复合胶原蛋白肽||适用性别:女||产地:中国大陆||品牌:万物生||生产企业名称:黑龙江万物生生物科技有限公司||用法:每日最大饮用量两瓶||适用人群:不限||计价单位:盒||食用提示:开盖即可饮用||产品剂型:口服液||商品条形码:6972097240116||食品生产许可证编号:SC10623118202169||规格（粒/袋/ml/g）:50ml*10支
3723124905051553980,Y.IMPRESSION因贝森澳洲进口植萃精华饮 液体普拉提,40833171,douyin,,7103149.5,,31318,保质期:24个月||产地:澳大利亚||品牌:因贝森||规格:225ml||贮存条件:常温||包装方式:盒装
3725376045495484643,华北制药酸枣仁茯苓百合膏【拍4瓶酸枣仁送两瓶茯时膏】,47608009,douyin,,175374.72,,31318,保质期:12月||产品名称:酸枣仁茯苓膏||产地:中国大陆||品牌:华北制药||生产企业名称:安徽茗药堂生物科技有限公司||食品生产许可证编号:SC10734160332892||规格（粒/袋/ml/g）:300g*1瓶
3582308147362152808,BioCare贝欧科每日有机硒胶囊60粒/瓶 硒元素营养,71735825,douyin,,1732074.2,,31327,保质期:13-24个月||食用方法/使用方法:每日1-2粒，随餐服用||温馨提示:本品不可替代药品||品牌:BIOCARE||净含量:60粒/瓶||适用人群:成人||产品剂型:胶囊||注意事项:放置阴凉处保存||原产地:英国
3635347845508418631,【1瓶3个月】英国进口英之贝硒片第4代活性有机硒+VA+VC+VE90粒,136261581,douyin,,73564.58,,31327,保质期:25-36个月||食用方法/使用方法:每天1粒，随餐服用或者餐后半小时内温水吞服||温馨提示:本品不可替代药品||品牌:BASIC NUTRITION||生产企业名称:Premier Health Products Ltd||适用人群:成人||产品剂型:片剂||注意事项:本品为膳食营养补充剂，不能直接替代药品。不宜过量服用，如需超出剂量服用请咨询医生||原产地:英国
3576564165424365489,HEALTHYCARE角鲨烯软胶囊 200粒/瓶 成人中老年呵护身体健康进口,2327968,douyin,,13784.04,,31401,保质期:25-36个月||食用方法/使用方法:每天1-3粒，饭前服用或谨遵医嘱||温馨提示:本品不可替代药品||品牌:HEALTHYCARE||净含量:200粒||适用人群:成人||产品剂型:胶囊||注意事项:孕妇不宜使用||原产地:澳大利亚
3604399743754737897,Springleaf 绿芙纯角鲨烯软鲨鱼油1000mg 90粒  db-2,50855804,douyin,,10409.1,,31401,套餐详情:SpringLeaf澳洲纯角鲨烯软胶囊1000mg 鲨鱼油90粒/瓶 -默认x1
3671779996839576009,【身材肠道】国奖黑金茶-未来可7高浓缩金花黑茶提取冠突散囊菌农大,25296,douyin,,1052219.1,,31296,保质期:3年||产品名称:未来可7黑金金花黑茶固体饮料||产地:中国大陆||品牌:未来可7||生产企业名称:湖南省湘茶高科技有限公司||产品规格:21g/盒||食品生产许可证编号:SC11443010200103
3730632490763813280,【过年不打烊】三瓶装 Esmond Natural爱司盟金标茶叶茶氨酸60粒/瓶,110671114,douyin,,972432.8,,31296,保质期:48月||产品名称:茶叶茶氨酸||适用性别:通用||产地:美国||品牌:爱司盟||生产企业名称:爱司盟天然健康食品制造公司||用法:每日1片，温水送服||产品规格:1.3g*60粒||计价单位:瓶||食用提示:孕妇，哺乳期不建议服用||产品剂型:片剂||适用人群:成年人||商品条形码:0641399781288
3676249960556396756,【身材肠道】国奖黑金茶-未来可7高浓缩金花黑茶提取冠突散囊菌农大,25296,douyin,,751428.5,,31296,保质期:36月||产地:中国大陆||产品名称:黑金茶||品牌:未来可7||生产企业名称:湖南省湘茶高科技有限公司||产品规格:21g||食品生产许可证编号:SC11443010200103
3623531775734764105,【身材肠道】未来可7黑金茶-高浓缩金花黑茶提取冠突散囊益生菌农大,25296,douyin,,660538.56,,31296,保质期:36月||产地:中国大陆||产品名称:黑金茶||品牌:未来可7||生产企业名称:湖南省湘茶高科技有限公司||产品规格:21g||食品生产许可证编号:SC11443010200103
3730627682413707727,【过年不打烊】Esmond Natural爱司盟金标茶叶茶氨酸60粒/瓶晚安片,110671114,douyin,,586070.1,,31296,保质期:48月||产品名称:茶叶茶氨酸||适用性别:通用||产地:美国||品牌:爱司盟||生产企业名称:爱司盟天然健康食品制造公司||用法:每日1片，温水送服||产品规格:1.3g*60粒||计价单位:瓶||食用提示:孕妇，哺乳期不建议服用||产品剂型:片剂||适用人群:成年人||商品条形码:0641399781288
3670959883647320489,老村长仙女茶坤生元随餐浓缩膳食纤维仙女茶速溶清爽冷泡普洱茶,19150,douyin,,361080.3,,31296,保质期:24月||产地:中国大陆||产品名称:仙女茶加强版村长专属||品牌:坤生元||生产企业名称:昆明生物制造研究院有限公司||产品规格:8g*20袋||食品生产许可证编号:SC10653010101703
3626532087735128617,【过年不打烊】【金标晚安片】升级版Esmond 爱司盟茶叶茶氨酸60粒/瓶,110671114,douyin,,239803.52,,31296,保质期:48月||产品名称:茶叶茶氨酸||适用性别:通用||产地:美国||品牌:爱司盟||生产企业名称:爱司盟天然健康食品制造公司||用法:每日1片，温水送服||产品规格:1.3g*60粒||计价单位:瓶||食用提示:孕妇，哺乳期不建议服用||产品剂型:片剂||适用人群:成年人||商品条形码:0641399781288
3560082341764445708,【强效舒缓】绿标氨糖软骨素180粒+金标骨胶原75粒 双管齐下[H],155639639,douyin,,5726914.0,,31403,套餐详情:【氨糖好搭档】MoveFree益节 骨胶原白瓶 氨糖黄金搭档75粒/瓶[H]-白瓶75粒x2、【经典舒缓】MoveFree益节 绿瓶 氨糖护关节维骨力 180粒/瓶【H】-绿瓶 180粒/瓶x2
3568188031812935137,[粉丝专享]MoveFree益节 高钙氨糖 软骨素MSM维生素D3钙片 240粒,14417,douyin,,163595.73,,31403,保质期:25-36个月||食用方法/使用方法:每日4粒，可分开服用、随餐服用，温水吞服。补钙补氨糖，特含MSM舒缓因子||温馨提示:本品不可替代药品||产品名称:MoveFree益节 高钙氨糖240粒||品牌:Move Free/益节||生产企业名称:RB Health(US) LLC||净含量:240粒||适用人群:成人||产品剂型:片剂||注意事项:海鲜过敏者均可服用。但对虾蟹壳类（甲壳素）过敏者不可服用。本品含有牛、猪骨提取物。本品可长期服用，但不可代替药物，严重者建议及时就医；未成年，孕妇，哺乳期，过敏体质请在医生指导下服用。||原产地:美国
3670429427336085636,EAZA白番茄去黄焕白细腻美颜内服胶囊淡色素祛斑点褪黑焕颜白白丸,155815591,douyin,,549103.1,,31389,保质期:25-36个月||食用方法/使用方法:用餐时或饭后服用，温水吞服，每天1次，每次2粒；开封后请于3个月内服用完毕||温馨提示:本品不可替代药品||产品名称:EAZA白番茄美白丸||品牌:EAZA||适用人群:通用||产品剂型:胶囊||注意事项:纯天然成分提取，均可使用||原产地:新西兰
3730170732362203339,【春节送礼】Swisse美颜葡萄籽烟酰胺片180片/瓶原花青素*2-Z,51206,douyin,,24826.35,,31389,套餐详情:【达播勿拍】Swisse斯维诗美颜葡萄籽烟酰胺片180片/瓶原花青素-默认x2
3730038842363871269,OXYENERGY 超模小腰精 纤腰饮天然植萃16合1,142332070,douyin,,2905729.8,,31411,套餐详情:OXYENERGY超模小腰精16合一植萃马甲饮4维矩阵燃燃促代-默认x2
3725045676762071362,【TZ】OXYENERGY嗨吃拜拜丸6合1植萃促燃 30粒/瓶,142332070,douyin,,611133.0,,31411,套餐详情:【2.0Pro反脂三部曲】氧气能量嗨吃拜拜丸6合1植萃促燃 30粒/瓶-默认x3
3698081032520728769,【Anico澳洲小金条】深海褐藻糖胶95%+通腺散结冲剂散结饮 20条/盒,136235930,douyin,,3494.55,,31402,套餐详情:褐藻糖胶小金条节节饮-默认x2
3715692444793307609,【姝君专属】化结散靶向直击乳腺澳洲AniCo褐藻糖胶小粉钻20条/盒,136235930,douyin,,1963.16,,31402,套餐详情:【小粉钻】澳洲Anico深海褐藻糖胶小粉钻每日1条独立包装20条/盒-默认x1
3727749139547685274,【糖立清】BECHI血糖清 欧洲糖清素 黑蜂精粹 AMPK代谢 细胞级养护,27245,douyin,,7686766.0,,31361,套餐详情:【血糖清】BECHI糖清素 黑蜂提取 促血糖代谢 激活胰岛辅助降血糖DP-蜂胶10ml*20支/盒x2
3675813052919447593,【春节不打烊  3瓶周期更优惠】Maxcural迈可乐蜂胶无糖含片30粒/瓶,8075081,douyin,,512560.0,,31361,套餐详情:Maxcural迈可乐蜂胶桉树油养肺无蔗糖润喉30粒/瓶 活性营养含片-默认x2
3725551125659779371,到手六瓶【130粒高含量】纳豆激酶纳豆天麻杜仲叶片中老年试吃1瓶,155788814,douyin,,1413812.2,,31301,保质期:2年||是否临期:否||营养成分:植物提取物||产品名称:纳豆天麻杜仲叶片||产地:中国大陆||品牌:花城||生产企业名称:安徽草珊瑚生物科技有限公司||适用人群:通用||产品剂型:片剂||食品生产许可证编号:SC10634122206707||规格（粒/袋/ml/g）:0.6g*120粒
3676422182352847194,【“精”瓜协同】氧气能量五合一精氨酸胶囊进口营养60粒/瓶男性活力,142332070,douyin,,5535935.0,,31330,保质期:13-24个月||食用方法/使用方法:每日1-2次，每次2粒，温水吞服||温馨提示:本品不可替代药品||产品名称:精氨酸胶囊||品牌:OXYENERGY/氧气能量||适用人群:成人||产品剂型:胶囊||注意事项:未成年人群，孕期，正在哺乳期女性，对任一成份敏感者、用药人群请遵医嘱。||原产地:香港特别行政区
3687126969612370166,【品牌】氧气能量五合一精氨酸瓜氨酸甘氨酸硼胶囊60粒/瓶,142332070,douyin,,3211416.0,,31330,套餐详情:【双“氨”搭配 】氧气能量五合一精氨酸瓜氨酸科学健康胶囊60粒/瓶-默认x1
3725029323548262805,【大饼哥推荐】新西兰goodhealth进口生蚝锌片胶囊60粒/瓶DB,26966245,douyin,,2218106.2,,31330,套餐详情:【生蚝胶囊】新西兰goodhealth进口生蚝锌片胶囊60粒/瓶t-默认x3
3723144996984062187,【星光村小飞T】OXYENERGY氧气能量五合一精氨酸瓜氨酸胶囊60粒/瓶,142332070,douyin,,1444491.5,,31330,套餐详情:【小飞达人 】氧气能量五合一精氨酸胶囊60粒/瓶瓜氨酸科学健康男士-默认x1
3719444440268537959,【精力快充 】氧气能量五合一精氨酸瓜氨酸科学健康男士60粒/瓶,142332070,douyin,,1079909.0,,31330,套餐详情:【双氨搭配 】氧气能量五合一精氨酸胶囊60粒/瓶瓜氨酸科学健康男士-默认x1
3713680074332045779,【星光村小飞】OXYENERGY氧气能量五合一精氨酸瓜氨酸胶囊60粒/瓶,142332070,douyin,,1051863.1,,31330,套餐详情:【飞哥本人专属】氧气能量五合一精氨酸瓜氨酸科学健康胶囊60粒/瓶-默认x1
3687125938744721639,【双氨搭配 】氧气能量五合一精氨酸胶囊60粒/瓶瓜氨酸科学健康男士,142332070,douyin,,830691.6,,31330,保质期:13-24个月||食用方法/使用方法:每日1-2次，每次2粒，温水吞服||温馨提示:本品不可替代药品||品牌:OXYENERGY/氧气能量||适用人群:成人||产品剂型:胶囊||注意事项:未成年人群，孕期，正在哺乳期女性，对任一成份敏感者、用药人群请遵医嘱。||原产地:香港特别行政区
3684730420676657298,诺特兰德钙镁维D鲨鱼软骨粉牦牛骨咀嚼片营养  60粒,22044,douyin,,225416.95,,31276,保质期:24月||是否临期:否||产地:中国大陆||适用性别:通用||产品名称:钙镁维D鲨鱼软骨粉牦牛骨咀嚼片||品牌:诺特兰德||生产企业名称:山东捷晶生物科技有限公司||食品生产许可证编号:SC11337012600809||规格（粒/袋/ml/g）:1.5g*60粒
3614611930435737718,驼乳钙 多种益生菌 奶香 钙片易吸收 咀嚼乳钙 营养呱呱,57740010,douyin,,77243.43,,31276,保质期:24月||产品名称:驼乳钙 /乳酸钙||适用性别:通用||产地:中国大陆||品牌:营养呱呱||生产企业名称:中海劲元（厦门）实业有限公司||适用人群:成人||计价单位:瓶||成分:驼乳粉、复合益生菌冻干粉等||产品剂型:片剂||商品条形码:6975203410687||食品生产许可证编号:SC10635021200705||规格（粒/袋/ml/g）:1.5g*60
3593461990942765075,【官方爆款】fiboo蛋白棒饱腹代餐解馋抗饿酸奶涂层好吃单双层25g/M,45895287,douyin,,593219.9,,31286,保质期:9月||产品名称:蛋白棒||适用性别:通用||产地:中国大陆||品牌:FIBOO/她练||生产企业名称:广东中澜健康科技有限公司||用法:代餐||适用人群:成人||计价单位:条||食用提示:低温环境下产品会偏硬||商品条形码:6975568620233||食品生产许可证编号:SC10644011401387||规格（粒/袋/ml/g）:25g*5支
3707221145762791487,【买一发二】送礼袋★富硒高钙驼乳粉官方正品全家营养早晚冲泡o,48925,douyin,,201822.1,,31286,保质期:24月||产地:中国大陆||产品名称:富硒高钙富硒驼乳粉||品牌:祜全斋||生产企业名称:安徽聚芝堂药业有限公司||适用人群:青少年||食品生产许可证编号:SC10634122231047||贮存条件:常温||包装方式:包装
3639279668764497622,【官方旗舰】nature's way佳思敏速溶蛋白粉375g/罐三口味全家享,137553782,douyin,,8578.8,,31355,保质期:13-24个月||食用方法/使用方法:250ML牛奶或者温水加入2勺约35g蛋白粉充分搅拌均匀||温馨提示:本品不可替代药品||品牌:nature's way||净含量:375g||适用人群:通用||产品剂型:冲剂||包装规格:375g||注意事项:本品不可替代药品||原产地:澳大利亚
3572692748274377158,webber naturals天然大豆卵磷脂胶囊鱼油搭档1200mg 180粒/瓶,138391619,douyin,,7347.06,,31355,保质期:25-36个月||食用方法/使用方法:每日1-3粒||温馨提示:本品不可替代药品||品牌:WEBBER NATURALS||净含量:180粒||适用人群:成人||产品剂型:胶囊||注意事项:避免儿童接触||原产地:加拿大
3719274451905413364,【超模爆燃粉】悦恩代餐Mediclear SGS 1083g减肥体重瘦饱腹排毒粉,46321595,douyin,,5589.81,,31355,套餐详情:【轻断粉SGS】代餐Mediclear SGS 1083g减肥体重瘦饱腹可可味排毒粉-默认x1
3545922498203908670,NHP免疫营养品增强丙种免疫力抵抗力提高葡聚糖蛋白术后恢复补品,55798040,douyin,,5151.1,,31355,保质期:25-36个月||食用方法/使用方法:请注意随餐服用 不要空腹。 【18岁以上及成人】每天2粒，可以分开服用或者一次服用2粒。[12-18岁】每天1-2粒 请自行根据自身情况调节。 【6-12岁】每天1粒或不超过1粒，可自行根据自身情况调节。[3-6岁】每天1/2粒 请打开胶囊壳 混合牛奶或者果汁服用。【1-3岁】每天1/4粒 请打开胶囊壳，混合牛奶或者果汁服用。||温馨提示:本品不可替代药品||品牌:NHP||生产企业名称:Natural Health Practice||净含量:60粒/瓶||适用人群:成人||产品剂型:胶囊||注意事项:不适合孕育、孕妇及哺乳期妇女服用。请注意本品为膳食营养品 请勿将本品关联任何特殊功效及相关必需性及保证性 不能代替药品。本品添加了营养素 与同类营养素同时食用不宜超过建议量。如果您正在服用药 请一定要得到医生许可情况下才可使用。请放在儿童接触不到的地方。阴凉干燥处密封保存||原产地:英国
3723503888679174452,【洞姐专属福利】nature's way佳思敏速溶蛋白粉375g/罐巧克力口味,137553782,douyin,,5117.28,,31355,保质期:13-24个月||食用方法/使用方法:250ML牛奶或者温水加入2勺约35g蛋白粉充分搅拌均匀||温馨提示:本品不可替代药品||净含量:375g||品牌:nature's way||适用人群:通用||产品剂型:冲剂||包装规格:375g||注意事项:本品不可替代药品||原产地:澳大利亚
3637836226893055164,【新年礼包】白金装赛速饮首发 三重精华浓缩提升速度耐力跑步骑行,47340,douyin,,29636.88,,31315,保质期:12月||产地:中国大陆||适用性别:通用||产品名称:赛速饮||品牌:CPT/康比特||生产企业名称:固安康比特体育科技有限公司||食品生产许可证编号:SC13013102200502||规格（粒/袋/ml/g）:一盒
3697570444577210499,WildFieldHealth健身增肌粉 益生菌复合乳清蛋白粉公牛系列,16175,douyin,,14872.0,,31315,保质期:18月||是否临期:否||产地:中国大陆||产品名称:益生菌复合乳清蛋白粉||品牌:WildFieldHealth||生产企业名称:浙江衡美健康科技股份有限公司||食品生产许可证编号:SC12433011007301||规格（粒/袋/ml/g）:30包×30g
3588784000510079145,【惠美严选专属】信心康乐400mcg第四代活性叶酸30粒/瓶孕前孕早期营养活性稳定,49942794,douyin,,249480.0,,31331,保质期:25-36个月||食用方法/使用方法:每日1粒||温馨提示:本品不可替代药品||产品名称:信心康乐活性叶酸30粒/瓶||品牌:Confidence USA/信心药业||适用人群:成人||产品剂型:胶囊||注意事项:无||原产地:美国
3728546270470603198,信心康乐活性叶酸2.0孕前孕早期90粒/瓶,40936,douyin,,8856.38,,31331,套餐详情:信心康乐活性叶酸2.0孕前孕早期90粒/瓶-默认x1
3629819359142229722,saseco/三生蔻荷兰进口菊粉水溶性膳食纤维300g/罐益生元膳食纤维,49527495,douyin,,93147.0,,31305,保质期:2年||是否临期:否||产地:中国大陆||适用性别:通用||产品名称:荷兰菊粉水溶性膳食纤维益生元||品牌:saseco/三生蔻||生产企业名称:珠海中食月太健康科技有限公司||产品剂型:粉剂||食品生产许可证编号:SC10644041200145||规格（粒/袋/ml/g）:300g/罐
3720804222585930045,伯格益美低聚果糖益生元膳食纤维高浓度原浆便携儿童成人中老年,53287057,douyin,,66746.08,,31305,保质期:18月||是否临期:否||产地:中国大陆||产品名称:低聚果糖益生元||净含量:250g||生产企业名称:河南大美生物科技股份有限公司||品牌:伯格益美||包装方式:包装||贮存条件:常温||食品生产许可证编号:sc10641010300814
3603625829260765573,三生蔻荷兰进口菊粉膳食纤维低聚果益生元300g/罐 益生菌固体饮料,49527495,douyin,,66667.5,,31305,保质期:2年||是否临期:否||产品名称:荷兰菊粉水溶性膳食纤维益生元||适用性别:通用||产地:中国大陆||品牌:saseco/三生蔻||生产企业名称:珠海中食月太健康科技有限公司||适用人群:不限||计价单位:罐||成分:菊粉||产品剂型:粉剂||食品生产许可证编号:SC10644041200145||规格（粒/袋/ml/g）:300g/罐
3702202253315277177,零肯益生元低聚果糖浆膳食纤维400克/瓶肠道益生菌口粮增殖有益菌,54083834,douyin,,17692.8,,31305,保质期:12月||是否临期:否||产地:中国大陆||适用性别:通用||产品名称:益生元低聚果糖||品牌:零肯||生产企业名称:禹城乐富健生物技术有限公司||用法:早晨空腹，倒取适量，温水冲服||适用人群:不限||计价单位:瓶||商品条形码:6975705030055||生产日期:2024-07-01 2024-08-17||食品生产许可证编号:SC13137148200194||规格（粒/袋/ml/g）:400g/瓶
3500282521885797029,芊形益生元 低聚果糖 300g/桶低聚果糖 智利进口,18630,douyin,,16990.4,,31305,保质期:2年||是否临期:否||产品名称:益生元||产地:中国大陆||品牌:芊形||生产企业名称:永安康健药业（武汉）有限公司||产品剂型:粉剂||生产日期:2023-02-01 2023-03-31||食品生产许可证编号:SC10642011801427||规格（粒/袋/ml/g）:300g/罐
3708917097393422509,丸妃「直播间」阿拉伯糖代糖烹饪甜味营养糖苷独立方便包装 500g/桶,29105,douyin,,15108.0,,31305,保质期:730天||是否临期:否||产品名称:阿拉伯糖||适用性别:通用||产地:中国大陆||品牌:丸妃||生产企业名称:山东健康源生物工程有限公司||商品条形码:6973312230578||生产日期:2024-06-07 2024-06-07||食品生产许可证编号:SC11437012600227||规格（粒/袋/ml/g）:500g/桶
3625013784348891639,【直播专属】 三生蔻荷兰进口菊粉益生元膳食纤维300g/罐益生菌菊粉,49527495,douyin,,10651.6,,31305,保质期:2年||产地:中国大陆||产品名称:荷兰菊粉水溶性膳食纤维益生元||品牌:saseco/三生蔻||生产企业名称:珠海中食月太健康科技有限公司||食品生产许可证编号:SC10644041200145||规格（粒/袋/ml/g）:300g/罐
3683482359157621235,【年货节大牌钜惠】SUSUMOTOYA第三代金钻脑活素500mg*120粒,19737296,douyin,,841223.44,,31363,套餐详情:【全新升级 第三代】SUSUMOTOYA金钻脑活素500mg*120粒-默认x2
3674537516217794658,【Nana推荐】学优脑动力Arkopharma艾蔻法青少年提升记忆30粒 ZS,155790822,douyin,,161027.9,,31363,套餐详情:学优脑力片Arkopharma艾蔻法青少年记忆营养胶囊脑动力30粒*达-默认x2
3603661881266586481,【直播推荐】德国Bioloving脑动力智珠缓释胶囊 记忆力专注逻辑反应,62247937,douyin,,72865.52,,31363,套餐详情:【180粒】德国Bioloving脑动力智珠缓释胶囊180粒/瓶补充脑营养记忆-默认x1
3672080464362995899,【养巢锁龄】巢舒安大豆苷元保养紧致焕活巢年轻60粒莱特维健,155703532,douyin,,2704893.2,,31381,套餐详情:【养巢锁龄】巢舒安大豆苷元60粒保养紧致焕活巢年轻莱特维健-默认x6、【养巢锁龄】巢舒安大豆苷元60粒保养紧致焕活巢年轻莱特维健-默认x1
3722016266727326012,【养巢锁龄】巢舒安大豆苷元60粒保养紧致焕活巢年轻莱特维健,2897399,douyin,,1550994.2,,31381,保质期:25-36个月||食用方法/使用方法:口服||温馨提示:本品不可替代药品||品牌:WRIGHT LIFE/莱特维健||生产企业名称:莱特维健药厂有限公司（香港）||净含量:60粒||适用人群:成人||产品剂型:胶囊||注意事项:本品不可替代药品||原产地:香港特别行政区
3515499264656704706,【呵护保养】香港原装进口大豆异黄酮天然雌性激素女性内分泌100粒,2897399,douyin,,530793.1,,31381,保质期:25-36个月||食用方法/使用方法:口服||温馨提示:本品不可替代药品||品牌:WRIGHT LIFE/莱特维健||生产企业名称:莱特维健药厂有限公司（香港）||净含量:100粒||适用人群:成人||产品剂型:胶囊||注意事项:本品不可替代药品||原产地:香港特别行政区
3540536158134112232,【养巢锁龄】巢舒安大豆苷元60粒保养紧致防恶变焕活巢年轻莱特维健,2897399,douyin,,493805.2,,31381,保质期:25-36个月||食用方法/使用方法:口服||温馨提示:本品不可替代药品||品牌:WRIGHT LIFE/莱特维健||生产企业名称:莱特维健药厂有限公司（香港）||净含量:60粒||适用人群:成人||产品剂型:胶囊||注意事项:本品不可替代药品||原产地:香港特别行政区
3623116834842258565,【调理卵巢】Viyouth维养思女性内分泌大豆异黄酮胶囊60粒/瓶,54823539,douyin,,244491.66,,31381,保质期:25-36个月||食用方法/使用方法:一次服用2粒，每日1-2次||温馨提示:本品不可替代药品||品牌:Viyouth||适用人群:成人||产品剂型:胶囊||注意事项:如果您怀孕、哺乳、服用任何药物，请在使用前咨询您的医生或医疗保健专家以获得医疗建议。 如果发生任何不良反应，请停止使用并咨询您的医生。 过敏体质的人应根据自己的身体状况，避免服用任何可能的过敏源。 如果盖下的任一密封破损或丢失，请勿使用。||原产地:美国
3721441050296975522,MCUUINA卵巢保养 40:1肌醇&辅酶Q10 调节月经内分泌悦轻巢60粒/瓶,155815767,douyin,,148131.7,,31381,保质期:25-36个月||食用方法/使用方法:每日一次每次两粒||温馨提示:本品不可替代药品||品牌:MCUUINA||适用人群:通用||产品剂型:胶囊||注意事项:无||原产地:美国
3718881058536685702,能量卫士γ-氨基丁酸综合维生素矿物质片 赖氨酸儿童青少年5瓶装x,11215801,douyin,,2615195.0,,34149,保质期:2年||是否临期:否||产地:中国大陆||适用性别:通用||产品名称:综合维生素矿物质片||品牌:能量卫士||生产企业名称:安徽合天然制药有限公司||适用人群:儿童||计价单位:瓶||产品剂型:片剂||生产日期:2024-10-01 2024-10-15||食品生产许可证编号:SC13034122231143||规格（粒/袋/ml/g）:60粒/瓶
3724466839749788108,【拍一发六】ALLNATURE安美奇γ-氨基丁酸多维多矿肽饮,10921,douyin,,308779.56,,34149,保质期:18月||是否临期:否||产品名称:安美奇γ-氨基丁酸多维多矿肽饮||适用性别:通用||品牌:ALLNATURE/安美奇||生产企业名称:河南时珍汉方医药科技有限公司||用法:1-2条||适用人群:儿童||计价单位:条||产品剂型:口服液||食品生产许可证编号:SC11341018200838||规格（粒/袋/ml/g）:10ml*30
3724789479857324287,草珊瑚营养 羽衣甘蓝粉纤维蔬菜汁正宗蔬菜粉固体饮料,33201400,douyin,,18717.85,,33971,保质期:24月||产品名称:固体饮料||产地:中国大陆||品牌:易立健||生产企业名称:安徽国草生物科技有限公司||食品生产许可证编号:sc10634122230087
3731160142478180563,【晓芸专属】8维深度全优植物益生元青汁高膳食纤维  l到手131条,143272169,douyin,,12496.24,,33971,保质期:18月||产地:中国大陆||产品名称:京饱饱||品牌:京饱饱||生产企业名称:安徽本草怡堂健康科技有限公司||食品生产许可证编号:SC10734160332559
3607191316787786257,【年货节升级款囤货装】轻元素益生菌益生元青汁膳食纤维饮品代餐X,33094,douyin,,10885.6,,33971,保质期:18月||是否临期:否||产品名称:轻元素全优植物益生元青汁||产地:中国大陆||品牌:轻元素||生产企业名称:山东植有彩虹生物科技有限公司||食品生产许可证编号:SC13037132102803
3730171887758737477,京饱饱8维深度全优植物益生元青汁高膳食纤维  l到手111条+吸管杯,143272169,douyin,,8202.6,,33971,保质期:18月||产地:中国大陆||产品名称:京饱饱||品牌:京饱饱||生产企业名称:安徽本草怡堂健康科技有限公司||食品生产许可证编号:SC10734160332559
3617964063465853392,【升级款年货节专属】轻元素益生菌青汁益生元膳食纤维饮品送试喝X,33094,douyin,,6820.66,,33971,保质期:18月||是否临期:否||产地:中国大陆||产品名称:轻元素益生菌益生元青汁||品牌:轻元素||生产企业名称:山东植有彩虹生物科技有限公司||食品生产许可证编号:SC13037132102803
3678253223539507462,【单盒体验 限1单】呜咔实验室K23莱茵衣藻羽衣甘蓝益生元固体饮料,135721137,douyin,,6288.81,,33971,保质期:24月||是否临期:否||产品名称:K23莱茵衣藻焕活饮||产地:中国大陆||品牌:呜咔实验室||生产企业名称:江苏新申奥生物科技有限公司江阴分公司||食品生产许可证编号:SC10632028102635
3685484930625831385,【拍1箱送1盒】 餐前负荷法 代替蔬菜 0蔗糖,35213612,douyin,,4815.72,,33971,保质期:18月||是否临期:否||产地:中国大陆||产品名称:全优植物益生元青汁||品牌:易健乐||生产企业名称:安徽晟泉药业有限公司||商品条形码:6976953630240||生产日期:2023-06-26 2024-12-25||食品生产许可证编号:SC10634122130570
3727576874885447808,【艺博专享】诺特兰德植物益生元青汁固体饮料膳食纤维,22044,douyin,,4709.35,,33971,保质期:2年||产地:中国大陆||产品名称:植物益生元青汁固体饮料||品牌:诺特兰德||生产企业名称:山东捷晶生物科技有限公司||食品生产许可证编号:SC11337012600809
3545947043832933172,抹茶青汁.抹茶益生元青汁 独立包装，好喝健康3g*30支/盒,139421317,douyin,,3276.24,,33971,保质期:1年||产地:中国大陆||产品名称:抹茶青汁||品牌:初透||生产企业名称:金华翡翠茶业有限公司||食品生产许可证编号:SC10633070302114
3628312650255075864,BYHEALTH汤臣倍健海外版GABA晚安片升级版褪黑素闪释片舒压调睡眠,139477451,douyin,,671154.5,,31348,套餐详情:BYHEALTH汤臣倍健海外版GABA晚安片褪黑素闪释片舒压调睡眠-默认x1
3614610527080330609,Nature'sKey褪黑素小金瓶晚安咀嚼片3mg/粒无糖版60粒 2瓶装,137553347,douyin,,602551.94,,31348,套餐详情:Nature'sKey褪黑素小金瓶晚安片3mg/粒升级版(添加B6)60粒-默认x2
3690869795139485751,【单盒装】百草园睡眠糖100%天然开心果提取非人工合成褪黑素6粒/盒,155791237,douyin,,108284.8,,31348,保质期:13-24个月||食用方法/使用方法:一天一粒，睡前30分钟充分咀嚼||温馨提示:本品不可替代药品||产品名称:百草园睡眠糖||品牌:Mom's Garden/百草园||适用人群:成人||产品剂型:颗粒||注意事项:本品不可替代药品||原产地:德国
3606220366416093762,vitafusion褪黑素3mg成人桃子味营养软糖60粒,25740,douyin,,105721.8,,31348,保质期:13-24个月||食用方法/使用方法:睡前2粒||温馨提示:本品不可替代药品||产品名称:褪黑素软糖60粒||品牌:vitafusion||适用人群:成人||产品剂型:颗粒||注意事项:本品不可替代药品||原产地:美国
3726507266942304626,【晚安超人】Unice可溶性微晶褪黑素晚安贴睡眠成人1.25mg/贴,115275913,douyin,,75862.32,,31348,保质期:1095天||产地:中国大陆||是否属于消字号:否||产品名称:褪黑素晚安贴||生产企业名称:优微(珠海)生物科技有限公司企业||规格:9片/盒||适用对象:成人
3695320210245550226,BYHEALTH汤臣倍健海外版褪黑素GABA晚安片助眠舒压【18岁以上适用】,139375096,douyin,,47830.89,,31348,保质期:13-24个月||食用方法/使用方法:撕开食用， 建议睡前20分钟服用1片||温馨提示:本品不可替代药品||产品名称:BYHEALTH褪黑素GABA晚安闪释片30片装||品牌:BYHEALTH||适用人群:成人||产品剂型:片剂||注意事项:孕妇 乳母、驾驶车辆、操作机器等不建议服用||原产地:韩国
3657238024384811184,【到手2瓶】美国Nature's Key褪黑素小金瓶晚安片3mg/粒60粒,137553347,douyin,,29690.7,,31348,套餐详情:Nature'sKey褪黑素小金瓶晚安片3mg/粒升级版(添加B6)60粒-默认x2
3637966405472771549,德国双心复合维生素B族VB叶酸新陈代谢疲劳官方正品维生素b推荐,38182,douyin,,29362.06,,31348,保质期:13-24个月||食用方法/使用方法:每天一片||温馨提示:本品不可替代药品||产品名称:德国双心复合维生素B族||品牌:Doppel Herz/双心||适用人群:成人||产品剂型:片剂||注意事项:过敏者禁止服用||原产地:德国
3683442254715945338,【拒绝人工褪黑素】百草园开心果睡眠糖天然褪黑素安稳入睡无依赖-Z,46397,douyin,,27275.82,,31348,套餐详情:【单盒装】百草园睡眠糖100%天然开心果提取非人工合成褪黑素6粒/盒-默认x1、【单盒装】百草园睡眠糖100%开心果提取天然好眠30粒/盒z-默认x2
3686251672247599116,MEDOX花青素年轻态小黑丸野生越橘提取物挪威进口10盒装,131363232,douyin,,500030.6,,31364,套餐详情:挪威MEDOX越橘花青素胶囊-默认x10
3633871817460025157,MEDOX花青素北极越橘年轻态小黑丸蓝莓护眼片挪威原装进口保税仓,131363232,douyin,,176651.64,,31364,保质期:37-48个月||食用方法/使用方法:温水吞服||温馨提示:本品不可替代药品||产品名称:挪威进口MEDOX越橘花青素||品牌:MEDOX||适用人群:通用||产品剂型:胶囊||注意事项:饭后半小时或睡前服用最佳||原产地:挪威
3671569180634775785,【爆款护眼】Youthit优思益蓝莓叶黄素胶囊60粒/瓶 缓解眼疲劳,27548,douyin,,84885.66,,31364,套餐详情:蓝莓叶黄素胶囊60粒/瓶x1
3562257218906758878,【高端护眼*双重加持】高端护眼宝 Doppelherz双心 120粒/盒,38182,douyin,,67484.12,,31364,保质期:13-24个月||食用方法/使用方法:每天各1粒||温馨提示:本品不可替代药品||产品名称:德国双心高端叶黄素复合维生素||净含量:120粒/盒||品牌:Doppel Herz/双心||适用人群:成人||产品剂型:胶囊||注意事项:本品不可替代药品||原产地:德国
3471751968152769503,挪威Noromega进口越橘蓝莓胶囊60粒/瓶花青素学生老人近视眼,13063,douyin,,59018.38,,31364,保质期:13-24个月||食用方法/使用方法:成人每日2粒，12岁-18岁青少年每日1粒，随餐服用||温馨提示:本品不可替代药品||产品名称:越橘蓝莓胶囊||品牌:NOROMEGA||适用人群:儿童||产品剂型:胶囊||注意事项:孕妇/乳母/12岁以下人群不建议服用||原产地:挪威
3645954733409178941,【FloraGLO叶黄素 润亮心灵窗户】Umeken蓝莓护眼丸*300粒/,141242881,douyin,,45789.14,,31364,保质期:25-36个月||食用方法/使用方法:每天5粒||温馨提示:本品不可替代药品||产品名称:蓝莓护眼丸 165g/瓶||品牌:UMEKEN||适用人群:通用||产品剂型:丸剂||注意事项:咀嚼吞下||原产地:日本
3672652068549689681,【大餐伴侣】司缪阿玛尔非柠檬纤维酵素粉冲饮清爽食用能量便携营养,39031,douyin,,3046549.8,,31268,保质期:12月||是否临期:否||产地:中国大陆||适用性别:通用||产品名称:酵素纤维粉||品牌:Smeal||生产企业名称:河南百芝堂生物科技有限公司||食品生产许可证编号:SC11341018400750||规格（粒/袋/ml/g）:2g*7条
3719400983730716869,【新春大餐拍档】断货王VIERRA惟爱论S133轻断食西梅果冻3/9/14盒,5699662,douyin,,1633166.4,,31268,保质期:18月||是否临期:否||产品名称:惟爱论新纤盈西梅果冻||适用性别:通用||产地:中国大陆||品牌:VIERRA||生产企业名称:纯元健康科技（广东）有限公司||计价单位:盒||产品剂型:果冻型||食品生产许可证编号:SC11344011501302||规格（粒/袋/ml/g）:20g*7条
3694006807090561471,【年终回馈】膳百氏益生元果蔬酵素果味饮品组合活力活性健康,155797907,douyin,,1113663.0,,31268,保质期:2年||产地:中国大陆||产品名称:益生元果蔬酵素果味饮品||品牌:膳百氏||生产企业名称:阿卡姆（山东）健康科技有限公司||食品生产许可证编号:SC12437030100379||规格（粒/袋/ml/g）:45ml*7袋
3706234755025600878,多燕瘦SOSO棒蓝莓活酵素果冻蓝莓吸吸冻郑多燕B420益生菌果蔬纤维,11732,douyin,,416792.06,,31268,保质期:18月||产地:中国大陆||产品名称:多燕瘦SOSO棒||品牌:多燕瘦||生产企业名称:广州同康生物科技有限公司||产品剂型:果冻型||食品生产许可证编号:SC10644011200773||规格（粒/袋/ml/g）:100g
3725026890482843881,【王炸cp】姿美堂嗨吃酵素燃燃饮3+3嗨吃CP活酵素黑绿咖啡益生元,47083,douyin,,198238.8,,31268,保质期:24月||产品名称:姿美堂嗨吃酵素||适用性别:通用||产地:中国大陆||品牌:SIMEITOL/姿美堂||生产企业名称:纯元健康科技（广东）有限公司||计价单位:盒||产品剂型:果冻型||食品生产许可证编号:SC11344011501302||规格（粒/袋/ml/g）:45ml*7袋
3723525840131195358,【新春大餐拍档】断货王VIERRA惟爱论S133超模轻断食西梅果冻5/14盒,5699662,douyin,,195047.16,,31268,保质期:18月||是否临期:否||产地:中国大陆||适用性别:通用||产品名称:惟爱论新纤盈西梅果冻||品牌:VIERRA||生产企业名称:纯元健康科技（广东）有限公司||计价单位:盒||产品剂型:果冻型||食品生产许可证编号:SC11344011501302||规格（粒/袋/ml/g）:20g*7条
3717358108281012788,【新春大餐拍档】断货王VIERRA惟爱论S133超模轻断食西梅果冻3/9盒,5699662,douyin,,174768.3,,31268,保质期:18月||是否临期:否||产品名称:惟爱论新纤盈西梅果冻||适用性别:通用||产地:中国大陆||品牌:VIERRA||生产企业名称:纯元健康科技（广东）有限公司||计价单位:盒||产品剂型:果冻型||食品生产许可证编号:SC11344011501302||规格（粒/袋/ml/g）:20g*7条
3703124155101741161,益生元西梅饮添加65%浓缩膳食纤维果汁果蔬夏日畅饮西梅汁送礼盒,2492175,douyin,,123917.0,,31268,保质期:18月||是否临期:否||产品名称:益生元西梅饮||适用性别:通用||产地:中国大陆||品牌:miuoh/喵尚||生产企业名称:橡果美健实业投资股份有限公司||用法:拆袋饮用||适用人群:成人||计价单位:盒||食用提示:饮用||产品剂型:口服液||食品生产许可证编号:SC10644129806531||规格（粒/袋/ml/g）:100mL/袋 8袋/盒
3729660356977623390,【年终回馈】膳百氏益生元果蔬酵素果味饮品活力活性健康,155797907,douyin,,100746.72,,31268,保质期:2年||产地:中国大陆||产品名称:益生元果蔬酵素果味饮品||品牌:膳百氏||生产企业名称:阿卡姆（山东）健康科技有限公司||食品生产许可证编号:SC12437030100379||规格（粒/袋/ml/g）:45ml*7袋
3560253455408996989,万益蓝WonderLab 体重管理成人B420即食益生菌10瓶装乳双歧杆菌,155760619,douyin,,89241.75,,31268,保质期:18月||产地:中国大陆||适用性别:通用||产品名称:体重管理益生菌||品牌:WONDERLAB/万益蓝||生产企业名称:深圳保时健生物工程有限公司||用法:午饭饭后半小时1-2颗||计价单位:盒||食用提示:开盖即食||产品剂型:粉剂||食品生产许可证编号:SC12744030701096||规格（粒/袋/ml/g）:2g*10瓶/盒
3730572543665504410,【老白健康】维生素C咀嚼片 vc片维c 男女性维生素c维C片VC,155820052,douyin,,562.5,,38859,保质期:24月||品牌:老白健康
3725403685824626981,同仁堂梅花鹿心肌肽营养滋补 试用一盒其他方便食品A8-5,155811115,douyin,,1275589.1,,31303,保质期:24月||是否临期:否||产地:中国大陆||适用性别:通用||产品名称:梅花鹿心肌肽||品牌:鲜享燕窝||生产企业名称:安徽康能量药业有限公司||食品生产许可证编号:SC10634122231557||规格（粒/袋/ml/g）:3g/袋*10袋
3729277804274123175,[同仁堂]梅花鹿心肌肽 A11A[试吃两盒]  其他方便食品,155811115,douyin,,569715.9,,31303,保质期:24月||是否临期:否||产地:中国大陆||适用性别:通用||产品名称:梅花鹿心肌肽||品牌:鲜享燕窝||生产企业名称:安徽康能量药业有限公司||食品生产许可证编号:SC10634122231557||规格（粒/袋/ml/g）:3g/袋*10袋
3725225388947931382,[同仁堂]梅花鹿心肌肽 [试吃一盒] A11-5  其他方便食品,155811115,douyin,,153706.17,,31303,保质期:24月||是否临期:否||产品名称:梅花鹿心肌肽||适用性别:通用||产地:中国大陆||品牌:鲜享燕窝||生产企业名称:安徽康能量药业有限公司||食品生产许可证编号:SC10634122231557||规格（粒/袋/ml/g）:3g/袋*10袋
3725404255016845608,同仁堂梅花鹿心肌肽营养滋补 试用一盒其他方便食品A8-4,155811115,douyin,,146390.64,,31303,保质期:24月||是否临期:否||产品名称:梅花鹿心肌肽||适用性别:通用||产地:中国大陆||品牌:鲜享燕窝||生产企业名称:安徽康能量药业有限公司||食品生产许可证编号:SC10634122231557||规格（粒/袋/ml/g）:3g/袋*10袋
3695087152426778732,Naturewise 维生素d3 阳光瓶+维生素k2,155639734,douyin,,66219.58,,31341,套餐详情:naturewise/自然薇萃维生素k2 软胶囊600mcg90粒/瓶-默认x1、Naturewise活性维生素D3软胶囊阳光瓶5000IU/2000IU/1000IU360粒z-5000iux1
3639262669669853701,naturewise/自然薇萃维生素k2 软胶囊600mcg90粒/瓶,53046530,douyin,,61608.33,,31341,保质期:25-36个月||食用方法/使用方法:口服||温馨提示:本品不可替代药品||产品名称:维生素K2||品牌:naturewise/自然薇萃||适用人群:通用||产品剂型:胶囊||注意事项:无||原产地:美国
3602726987061430023,Doctor's Best多特倍斯MK-7型100mcg维生素K2 60粒效期至25年11月,38217,douyin,,55112.42,,31341,保质期:25-36个月||食用方法/使用方法:每日1粒，随餐服用||温馨提示:本品不可替代药品||产品名称:多特倍斯天然维生素K2||品牌:DoctorsBest/多特倍斯||适用人群:通用||产品剂型:颗粒||注意事项:本品不可替代药品||原产地:美国
3722066058140582126,Nature wise维生素k2大瓶装高效吸收180粒mk4+mk7 双重补充,53046530,douyin,,31370.76,,31341,保质期:25-36个月||食用方法/使用方法:口服，一天一粒||温馨提示:本品不可替代药品||产品名称:维生素k2 180粒||品牌:naturewise/自然薇萃||适用人群:通用||产品剂型:胶囊||注意事项:无||原产地:美国
3614643703622304508,【优惠专享】健美生维生素E软胶囊100粒 精华成人VE营养进口保养,139383143,douyin,,77491.44,,31340,保质期:25-36个月||食用方法/使用方法:随餐服用||温馨提示:本品不可替代药品||产品名称:健美生维生素e||品牌:Jamieson Natural Sources Since 1922 I/健美生||适用人群:成人||产品剂型:片剂||注意事项:每日1粒||原产地:加拿大
3657619177507796562,NEO亚精胺0.5倍速时光胶囊 白芦藜醇细胞活力k老60粒/盒,137556058,douyin,,46572.8,,31340,套餐详情:【细胞冻龄】NEO亚精胺0.5倍速时光胶囊 细胞奢养机体年轻60粒/盒-默认x2
3662499875389590969,【润肤养神】健美生Jamieson 维生素E软胶囊100粒/瓶*2瓶,139383143,douyin,,23240.7,,31340,套餐详情:健美生Jamieson 维生素E软胶囊100粒 精华成人VE营养食用进口保养-默认x3
3612757210037357086,【细胞冻龄】NEO亚精胺0.5倍速时光胶囊 细胞奢养机体年轻60粒/盒,137556058,douyin,,12330.5,,31340,保质期:25-36个月||食用方法/使用方法:每日一次，一次2粒||温馨提示:本品不可替代药品||产品名称:0.5倍速时光胶囊||净含量:60粒/盒||品牌:NEO PRO-LINE||适用人群:成人||产品剂型:胶囊||注意事项:孕妇、哺乳期妇女儿童及婴儿不适宜服用。||原产地:西班牙
3666346816057770025,Cenovis萃益维 维生素E胶囊靓白肌肤 气色红润可内服外敷250粒/瓶,139375542,douyin,,10462.4,,31340,保质期:25-36个月||食用方法/使用方法:内服:成人每天一粒，饭后吞服，不分早晚 外用:剪开胶囊，取少量VE滴到水乳中混合使用||温馨提示:本品不可替代药品||产品名称:Cenovis萃益维 维生素E胶囊靓白肌肤 气色红润250粒/瓶||品牌:Cenovis||适用人群:成人||产品剂型:颗粒||注意事项:本品不可替代药品||原产地:澳大利亚
3713316907080876284,Enervite澳乐维他苦瓜素中老年糖友血糖平衡片90粒*3+生蚝精*2,139378606,douyin,,350341.75,,31385,套餐详情:EnerVite苦瓜素中老年糖友伴侣含铬辅助胰岛控糖血糖平衡片90粒-90粒x3、EnerVite澳乐维他蚝先生摆脱困男精氨酸含锌高浓缩牡蛎精华30粒-30粒x2
3522239994200782914,Enervite澳乐维他天然肉桂精华铬元素硫辛酸血糖平衡片90粒/瓶,139378606,douyin,,96146.7,,31385,保质期:25-36个月||食用方法/使用方法:每日1-3粒||温馨提示:本品不可替代药品||品牌:EnerVite/澳乐维他||生产企业名称:Health Spring Australia Pty Ltd.||净含量:90粒||适用人群:通用||产品剂型:胶囊||注意事项:本品不可替代药品||原产地:澳大利亚
3686797906448351670,Enervite澳乐维他天然肉桂精华铬元素硫辛酸血糖平衡片90粒/瓶,139378606,douyin,,52989.24,,31385,套餐详情:EnerVite澳乐维他血糖平衡片苦瓜素提取物进口胶囊-90粒x2
3655221116609422158,Enervite澳乐维他天然肉桂精华铬元素硫辛酸血糖平衡片90粒/瓶,139378606,douyin,,36116.35,,31385,套餐详情:EnerVite澳乐维他血糖平衡片苦瓜素提取物进口胶囊官方旗舰店正品-90粒x3
3726298662469501029,【北北重点推荐】KOOYO 植萃纤体腿腿丸绿魔瓶 60粒/瓶桑叶苦瓜GLOW,12750390,douyin,,28591.53,,31385,套餐详情:KOOYO 植萃燃脂绿魔瓶 60粒/瓶 桑叶苦瓜 藤黄果提取物GLOW-1瓶x1
3711274108789588222,小分子胶原蛋白肽活性肽水光肌营养粉抗皱活力紧致代餐粉冲饮品,155809154,douyin,,103134.72,,39318,品牌:fuchangbao/赋畅宝
3727040079101821343,VIEVDIED/薇第【3天辟谷大礼包】轻断食代餐 辟谷老师全程陪跑,138361613,douyin,,38042.4,,39318,品牌:VIEVDIED/薇第
3713140244237910085,dr.niedermaier德国尼德迈尔端粒体线粒体小分子肽营养液,155790954,douyin,,4779410.0,,31407,保质期:25-36个月||食用方法/使用方法:每天20ML空腹服用||温馨提示:本品不可替代药品||净含量:20ml*15支||生产企业名称:德国Dr.Niedermaier||品牌:dr.niedermaier||适用人群:通用||产品剂型:口服液||注意事项:存放于室温25度以下||原产地:德国
3727059672792957395,Bloomage Health动能逆龄丸30粒/瓶年轻高纯度麦角硫因50mg亚精胺,41859,douyin,,2079531.2,,31407,套餐详情:Bloomage Health动能丸30粒/瓶年轻高纯度麦角硫因50mg亚精胺口服-单盒x1
3712260791802659307,dr.niedermaier【尊享升级版】德国小分子肽15*20ml礼盒,155790954,douyin,,1079000.0,,31407,保质期:25-36个月||食用方法/使用方法:每天20ML||温馨提示:本品不可替代药品||品牌:dr.niedermaier||适用人群:通用||产品剂型:口服液||注意事项:存放于室温25度以下||原产地:德国
3709396776411857130,【抖量度选】洁妮贝少女宝女性盆底私密修复口服胶原蛋白粉产后保养,136515341,douyin,,101481.12,,31353,套餐详情:DermoXEN洁妮贝盆底修复宝口服胶原蛋白粉女性产后护理保养-默认x3、DermoXEN洁妮贝女性活性铁 女性补铁剂孕妇孕中晚期产后铁剂口服-默认x1
3692892404836335666,多美森洁妮贝少女宝口服胶原蛋白粉女性产后盆底保养护理保养,136515341,douyin,,37219.6,,31353,套餐详情:DermoXEN洁妮贝盆底修复宝口服胶原蛋白粉女性产后护理保养-默认x3
3616131577022705808,TMG/天美健乃捷尔升级款牛初乳冻干粉营养口服免疫球蛋白,42568089,douyin,,834223.6,,31293,保质期:24月||是否临期:否||产品名称:天美健牛初乳||适用性别:通用||产地:中国大陆||品牌:TMG/天美健||生产企业名称:江苏天美健大自然生物工程有限公司||适用人群:不限||计价单位:盒||成分:牛初乳||产品剂型:粉剂||商品条形码:6910149231163||食品生产许可证编号:SC10632011300039||规格（粒/袋/ml/g）:1g/袋
3688830679983980748,TMG/天美健【20盒囤货装】乃捷尔升级款牛初乳冻干粉免疫球蛋白,42568089,douyin,,160279.6,,31293,保质期:24月||是否临期:否||产地:中国大陆||适用性别:通用||产品名称:天美健牛初乳||品牌:TMG/天美健||生产企业名称:江苏天美健大自然生物工程有限公司||适用人群:不限||计价单位:盒||成分:牛初乳||产品剂型:粉剂||商品条形码:6910149231163||食品生产许可证编号:SC10632011300039||规格（粒/袋/ml/g）:20g*30袋
3617981069355277315,【液体钙镁锌-老爸抽检】GNC健安喜儿童液体钙镁锌 30袋/盒*3 ZL,18614,douyin,,713622.7,,31332,套餐详情:【店播新链接】GNC健安喜儿童液体钙镁锌30袋/盒-默认x3
3698524382424072260,DickMet美国进口液体钙维生素D3小孩孕妇老人可吃1000mg100粒/瓶,155806024,douyin,,39376.4,,31332,保质期:13-24个月||食用方法/使用方法:每天1-3粒||温馨提示:本品不可替代药品||产品名称:DickMet液体钙软胶囊100粒/瓶||品牌:DickMet||生产企业名称:PEPLIFE LLC||适用人群:通用||产品剂型:胶囊||注意事项:阴凉干燥处避光存储||原产地:美国
3687306466856927328,XYMOGEN健式L-谷氨酰胺粉肠胃调理儿童成人肠漏IBS肠易激护肠道,155753181,douyin,,321100.0,,31352,保质期:13-24个月||食用方法/使用方法:每天1次，每次1勺(4g)，将粉与清水混合调配，优选空腹服用||温馨提示:本品不可替代药品||品牌:XYMOGEN||适用人群:通用||产品剂型:粉剂||注意事项:注意事项:本品为膳食营养补充剂，不能替代药物||原产地:美国
3669183919066054925,NC养胃粉瓶装【养胃保护胃粘膜】成人养胃营养品 澳洲进口 3瓶装,137613383,douyin,,64396.2,,31352,套餐详情:NC养胃粉瓶装【养胃保护胃粘膜】成人养胃营养品 澳洲进口150g/瓶-150g/罐x3
3481971703716948852,澳洲NC养胃粉经典款姜黄谷氨酰胺原装正品护胃150g/瓶,137613383,douyin,,49966.2,,31352,保质期:25-36个月||食用方法/使用方法:随餐/餐后服用，每天1次，每次1勺||温馨提示:本品不可替代药品||品牌:Nutrition Care||生产企业名称:NUTRITION CARE PHARMACEUTICALS PTY LTD||净含量:150g||适用人群:成人||产品剂型:粉剂||注意事项:海鲜易敏等不建议使用||原产地:澳大利亚
3711789936559653162,【组合装】氧气能量胃舒小黄粉谷氨酰胺150g/罐红枣桂圆味,142332070,douyin,,35755.5,,31352,套餐详情:【实力抚胃】氧气能量胃舒小黄粉谷氨酰胺红枣桂圆味150g/罐-默认x1
3561187598103904135,【超霸增肌粉】ON奥普帝蒙瘦人增重粉健身运动营养乳清蛋白粉6磅ZB,36753,douyin,,34495.5,,31352,保质期:13-24个月||食用方法/使用方法:每次1勺加入250ML饮用水（低于40度）或脱脂牛奶中搅拌均匀即可饮用；早晨起床后饮用，训练后30分钟内饮用||温馨提示:本品不可替代药品||品牌:ON/奥普帝蒙||生产企业名称:Glanbia Performance Nutrition(Manufacturing)  Inc||净含量:2.72kg||适用人群:通用||产品剂型:粉剂||注意事项:请保存在干燥阴凉的地方，避免阳光直射||原产地:美国
3724703672727371985,澳洲NutritionCare养胃粉经典款护胃姜黄槲皮素正品原装进口3瓶-z,137613383,douyin,,23171.28,,31352,套餐详情:NC养胃粉便携【养胃保护胃粘膜】应酬出差饮食不规律常备14袋/盒-5克*14袋x1、澳洲NC养胃粉经典款姜黄谷氨酰胺原装正品护胃150g/瓶 -150g/罐x3
3726473480624013615,【年货节】鹰牌1盒/2盒/3盒/4盒可选择装花旗参茶固体冲调饮料,139378301,douyin,,3037171.5,,31292,保质期:24月||产地:中国大陆||产品名称:花旗参茶固体饮料||品牌:EAGLE’S/鹰牌||生产企业名称:健康药业（中国）有限公司||食品生产许可证编号:SC12744030500626
3726470386175574302,【过年送礼必备】两盒装鹰牌礼盒60包装花旗参茶固体冲调饮料茶送礼,139378301,douyin,,1682199.5,,31292,生产企业名称:健康药业（中国）有限公司||产地:中国大陆||品牌:EAGLE’S/鹰牌||食品生产许可证编号:SC12744030500626||产品名称:花旗参茶固体饮料
3613582062851856988,ALLMAXGOLD金标乳清蛋白质粉健身运动乳清蛋白粉,136179392,douyin,,1074687.6,,31349,保质期:25-36个月||食用方法/使用方法:运动后或代餐1-2勺||温馨提示:本品不可替代药品||产品名称:金标乳清蛋白粉||净含量:907g/2270g||品牌:ALLMAX||适用人群:成人||产品剂型:粉剂||注意事项:40度以下温水冲泡||原产地:美国
3712030779015036985,【分离品质乳清】Performix分离浓缩矩阵乳清蛋白粉2磅原装进口,21294,douyin,,167436.28,,31349,套餐详情:Performix美国进口分离浓缩乳清蛋白质粉whey矩阵蛋白增肌塑形2磅-香草味x1
3681196060035907974,AXXZIA/晓姿 AG X代抗糖化口服液30支/盒*3盒,34512,douyin,,4444838.5,,31344,套餐详情:AXXZIA 维纳希臻皙褪黑全身亮白嫩肤嘭肌白肌饮30ml x 5支/盒-默认x2、AXXZIA/晓姿 AG X代口服液25ml*5支/包-25ml*5支x4、【专属】AXXZIA/晓姿AGX口服液25ml*30支/盒-25ml*30支x3
3727760321587314967,提升免疫力【超级盾Super Shield】GEETOP美国脾氨肽冻干粉26年11月,131097775,douyin,,512280.25,,31344,套餐详情:GEETOP【超级盾 Super Shield】升级版脾氨肽冻干粉口服免疫力-默认x2
3728507536333209777,【6+1年货礼盒】DanVitas丹维斯进口海豹油Omega3胶囊心心守护营养,136498915,douyin,,2252813.0,,31395,保质期:25-36个月||食用方法/使用方法:每天1-2粒，温水吞服，建议饭后服用||温馨提示:本品不可替代药品||品牌:Dan Vitas||适用人群:成人||产品剂型:胶囊||注意事项:海鲜过敏者请勿服用，孕妇请遵医嘱||原产地:挪威
3656934548874362316,挪威Noromega天然海豹油120粒×3礼盒进口保健中老年血压血脂,13063,douyin,,440125.44,,31395,保质期:25-36个月||食用方法/使用方法:随餐服用，每日2粒||温馨提示:本品不可替代药品||品牌:NOROMEGA||适用人群:成人||产品剂型:胶囊||注意事项:海鲜过敏者请勿服用、孕妇/哺乳期/经期/备孕人群不建议服用||原产地:挪威
3546896092136375974,京都念慈菴五罐全家福60g5罐金桔乌梅苹果桂圆柠檬薄荷枇杷润喉糖,139410045,douyin,,15255.63,,31317,产地:泰国||保质期:3年||规格（粒/袋/ml/g）:24粒/60g||品牌:京都念慈菴||产品名称:水果糖
3597886844492194632,京都念慈菴大罐缤纷装300g四种水果口味草本滋味分享装薄荷润喉糖,139410045,douyin,,11469.48,,31317,产地:泰国||保质期:3年||规格（粒/袋/ml/g）:120粒||品牌:京都念慈菴||产品名称:草本滋味糖
3716797477559599573,枇杷润喉糖薄荷嗓子清凉含片咽喉铁盒易携带老师主播教师节礼物,86660809,douyin,,6408.0,,31317,保质期:2年||是否临期:否||产地:中国大陆||产品名称:枇杷润喉糖盒装48g||净含量:48g||生产企业名称:东莞广慈生物医药科技有限公司||品牌:PO CHI LAM/关德兴||食品生产许可证编号:SC11344190003544||产品:润喉糖||贮存条件:常温||商品条形码:6976298510207||生产日期:2024-11-01 2024-11-27||包装方式:包装
3649451330734536802,北京同仁堂内廷上用金银花罗汉果梨膏糖咽喉干痒咳嗽润喉糖200g,27698,douyin,,5396.38,,31317,保质期:12月||是否临期:否||产品名称:梨膏糖||适用性别:通用||产地:中国大陆||品牌:内廷上用||生产企业名称:安徽銮轩健康产业有限公司||用法:口服含化 泡水饮用||适用人群:不限||计价单位:罐||商品条形码:6973128467168||食品生产许可证编号:SC10634161108716||规格（粒/袋/ml/g）:200g
3704244718511718948,慢严舒柠好爽闪释粉润喉粉植物草本秋冬干燥嗓子干不适14包/盒,25971,douyin,,2292.84,,31317,保质期:24月||产地:中国大陆||品牌:慢严舒柠||生产企业名称:江苏艾兰得营养品有限公司||食品生产许可证编号:SC12732128200155||贮存条件:常温||包装方式:包装
3716122624540147838,怡可纳酵母蛋白粉运动健身71%蛋白质粉,2391949,douyin,,695704.4,,31285,保质期:24月||产地:中国大陆||产品名称:酵母蛋白粉||品牌:怡可纳||生产企业名称:天津小薇生物科技有限公司||食品生产许可证编号:SC10612011413995||规格（粒/袋/ml/g）:908g/桶
3719992658484134127,怡可纳酵母蛋白粉运动健身71%蛋白质粉5磅,2391949,douyin,,543652.2,,31285,保质期:24月||产地:中国大陆||产品名称:酵母蛋白粉||品牌:怡可纳||生产企业名称:天津小薇生物科技有限公司||食品生产许可证编号:SC10612011413995||规格（粒/袋/ml/g）:2.27kg/桶
3465946817408179849,CPTKING赛霸 健身多因咖啡 75g/盒（高因咖啡）美式咖啡因运动,16395,douyin,,107024.4,,31285,保质期:2年||是否临期:否||产品名称:赛霸多因咖啡||适用性别:通用||产地:中国大陆||品牌:CPTKING/赛霸||生产企业名称:广西创泰食品科技有限公司||用法:每条用500ml水冲泡||适用人群:成人||计价单位:盒||食用提示:一天内不建议再食用其他含咖啡因的产品||产品剂型:粉剂||商品条形码:6972448480376||食品生产许可证编号:SC10645011100142||规格（粒/袋/ml/g）:盒
3726499340596936951,草谷林人参玛卡牡蛎虫草片魅力聚会应酬社交约会品质运动健康男女,155814837,douyin,,46194.39,,31383,保质期:24月||是否临期:否||产地:中国大陆||产品名称:人参牡蛎黄精虫草片||净含量:8.4g||生产企业名称:河南省铭源药业有限公司||品牌:草谷林||食品生产许可证编号:sc10641177100594||产品:方糖||贮存条件:常温||商品条形码:6977666360844||生产日期:2024-08-02 2026-08-01||是否为有机食品:否||包装方式:包装
3718704973593313309,【2瓶装】俄罗斯进口玛咖锌男士活力复合胶囊60粒,155640285,douyin,,17385.33,,31383,套餐详情:Siberianwellness/西伯利亚健康俄罗斯玛咖锌男士活力复合胶囊-默认x2
3657091830434144860,A.S Amansong东革阿里蛋清肽姜黄营养活力素片男士每日营养包,136102235,douyin,,14397.6,,31383,保质期:25-36个月||食用方法/使用方法:男士营养素||温馨提示:本品不可替代药品||品牌:A.S Amansong||适用人群:成人||产品剂型:片剂||注意事项:可根据自身情况调解服用量；请注意成分表，有过敏反应请停止使用；手术前后、服用处方药人群服用前需咨询医生||原产地:日本
3719946468283515346,Swisse澳洲进口高浓度玛卡片玛咖片,13541118,douyin,,9667.02,,31383,保质期:25-36个月||食用方法/使用方法:每日1粒||温馨提示:本品不可替代药品||品牌:SWISSE/斯维诗||适用人群:成人||产品剂型:片剂||注意事项:须阴凉干燥处常温储存，避免阳光直射||原产地:澳大利亚
3695869173545697303,【醒酒】进口葛根护肝养胃醒酒片酒场应酬朋友聚会头晕宿醉醒酒必备,54823539,douyin,,531.24,,31359,保质期:25-36个月||食用方法/使用方法:每日1次，每次1片||温馨提示:本品不可替代药品||品牌:Viyouth||适用人群:成人||产品剂型:片剂||注意事项:18岁以下未成年不服用，孕期、哺乳期不宜服用||原产地:美国
3608267083705643175,Vita Green/维特健灵小黄条阻断餐前截击14包/盒 （DRTY/nbc）,155697021,douyin,,2387589.5,,31392,套餐详情:Vita Green/维特健灵 餐前截击14包/盒  新-默认x1
3603120412474625494,【出行必备】Vita Green/维特健灵小黄条阻断餐前截击14包/盒DC专属,155697021,douyin,,773772.7,,31392,套餐详情:Vita Green/维特健灵小黄条阻断餐前截击14包/盒【橱窗单品勿动】-默认x1
3641714157537085323,Vita Green/维特健灵小黄条阻断餐前截击14包/盒（DRTY）GZC,155697021,douyin,,596019.6,,31392,套餐详情:Vita Green/维特健灵小黄条餐前截击14包/盒 GZC-默认x1
3638128400599750908,Vita Green/维特健灵小黄条阻断餐前截击14包/盒X （DRTY/nbc）,155697021,douyin,,196282.16,,31392,套餐详情:Vita Green/维特健灵小黄条餐前截击14包/盒（单品链接勿动）-默认x1
3684783066439614648,奈氏力斯红葡萄籽复合片,38256,douyin,,39941.37,,31302,保质期:36月||是否临期:是||产品名称:红葡萄籽||适用性别:男女通用||产地:新西兰||品牌:奈氏力斯||适用人群:成人||计价单位:瓶||产品剂型:片剂||生产日期:2023-07-01 2026-07-01||规格（粒/袋/ml/g）:800mg/片*60片/瓶
3695342043544027536,【3】虾青素葡萄籽刺梨SOD橄榄 肤色 k糖k氧化 片剂口服k老,117227243,douyin,,23482.08,,31302,保质期:24月||产地:中国大陆||产品名称:雨生红球藻刺梨片||品牌:HighBeauty/海美利||生产企业名称:极美（天津）功能食品研究发展中心（有限合伙）||食品生产许可证编号:SC10612011613778||规格（粒/袋/ml/g）:0.8g*60片
3701285393669423220,斯利安活性叶酸片活性叶酸孕妇备孕孕期复合维生素锌硒多维片,50270,douyin,,4861.48,,31275,生产企业名称:山东健康源生物工程有限公司||产地:中国大陆||品牌:Scrianen/斯利安||食品生产许可证编号:SC11437012600227||产品名称:金斯利安多维片孕妇及乳母营养补充食品
3648728919332522181,宫诺活性叶酸片补充多种复合维生素铁孕妇哺乳期吃400ug甲基四氢,31676,douyin,,4762.89,,31275,保质期:24月||产品名称:活性叶酸多维铁益生菌片||产地:中国大陆||品牌:宫诺||生产企业名称:威海紫光优健科技股份有限公司||食品生产许可证编号:SC11737100100576
3644302618345483438,北京同仁堂内廷上用叶酸片补铁补叶酸孕妇成年人中老年适用,27698,douyin,,1935.15,,31275,保质期:24月||保健功能:补充维生素||产品名称:内廷上用博客健牌铁叶酸片||不适宜人群:3岁以下人群||品牌:内廷上用||适用人群:需要补充铁、叶酸的成人、孕妇、乳母||保健食品批准文号:食健备G201933000331||规格（粒/袋/ml/g）:0.5g*60片||功效/标志性成分及含量:每片含：铁7.5mg、叶酸300.0ug||产品剂型:片剂
3638165732757512260,汤臣倍健备孕补充铁成人补充叶x酸片男女矿物质营养,139477451,douyin,,1882.14,,31275,保质期:2年||保健功能:补充维生素||产地:中国大陆||不适宜人群:13岁以下人群||产品名称:汤臣倍健铁叶酸片||品牌:汤臣倍健||生产企业名称:汤臣倍健||适用人群:需要补充铁、叶酸的成人、孕妇、乳母||保健食品批准文号:食健备G201744000151||食品生产许可证编号:SC12744040400094||规格（粒/袋/ml/g）:60粒/瓶||功效/标志性成分及含量:每片含:铁15.0mg、叶酸400.0μg||产品剂型:片剂
3727584612218700262,【春节不打烊】诺艾尔博士骨胶原氨糖软骨素钙™发5瓶氨糖软骨素钙片,155795566,douyin,,578581.1,,31311,保质期:24月||是否临期:否||产地:中国大陆||产品名称:骨胶原氨糖软骨素钙™||品牌:Dr.Noelle/诺艾尔博士||生产企业名称:安徽领克药业有限公司||生产日期:2024-09-15 2026-09-14||食品生产许可证编号:SC10634122230677||规格（粒/袋/ml/g）:0.7*125
3728525289639248060,【春节不打烊】诺艾尔博士骨胶原氨糖软骨素钙™发5瓶 试吃1瓶A1-9,155795566,douyin,,139747.27,,31311,保质期:24月||是否临期:否||产地:中国大陆||产品名称:骨胶原氨糖软骨素钙™||品牌:Dr.Noelle/诺艾尔博士||生产企业名称:安徽领克药业有限公司||生产日期:2024-09-15 2026-09-14||食品生产许可证编号:SC10634122230677||规格（粒/袋/ml/g）:0.7*125
3702416123392819371,佐丹力159免煮杂粮粥5盒高纤高蛋白饱腹代餐粉速食早晚年货低GI,130431135,douyin,,9776.77,,39108,品牌:佐丹力
3702415556247421250,佐丹力159免煮杂粮粥10盒高纤高蛋白饱腹代餐粉速食早晚年货低GI,130431135,douyin,,3995.7,,39108,品牌:佐丹力
3709412902101450944,充能糖诺特兰德电解质冲剂诺特兰德充能糖电解质冲剂 2kg,22044,douyin,,3753.64,,39108,品牌:诺特兰德
3709041619266306267,ImmPower充能糖电解质梯度碳水体育生马拉松篮球骑行非饮料 2kg,22044,douyin,,3714.0,,39108,品牌:诺特兰德
3728683896263540948,深海鱼油凝胶糖果（无蔗糖型）BS,95659075,douyin,,1712.65,,39108,品牌:GUZITANG/谷滋堂
3636894428922285548,DoctorsBest/多特倍斯锯棕榈高含量软胶囊320mg*60粒,38217,douyin,,8007.12,,31373,保质期:13-24个月||食用方法/使用方法:每日1粒，餐后服用||温馨提示:本品不可替代药品||品牌:DoctorsBest/多特倍斯||适用人群:成人||产品剂型:胶囊||注意事项:本品为膳食补充剂，不可替代药品||原产地:美国
3675102918580764702,ZeinPharma彩恩450mg达米特纳草透纳叶达迷胶囊100粒/瓶男女可用,155753261,douyin,,4667.4,,31373,保质期:25-36个月||食用方法/使用方法:每天3次，每次一粒，温水送服||温馨提示:本品不可替代药品||品牌:Zeinpharma||适用人群:成人||产品剂型:胶囊||注意事项:未成年和孕产妇不建议服用||原产地:德国
3698630072954126565,Nugenix专利复合锯棕榈多维支持前列腺保健品软胶囊60粒,155801580,douyin,,2031.4,,31373,保质期:13-24个月||食用方法/使用方法:每日2粒，每日1次||温馨提示:本品不可替代药品||品牌:NUGENIX||适用人群:成人||产品剂型:胶囊||注意事项:仅限18岁以上男性||原产地:美国
3712255115986600119,DickMet美国进口血净通清道夫水蛭素胶囊呵护管道健康60粒/瓶,155806024,douyin,,904875.4,,31384,保质期:25-36个月||食用方法/使用方法:每天1粒||温馨提示:本品不可替代药品||产品名称:水蛭素胶囊 60粒/瓶||品牌:DickMet||适用人群:成人||产品剂型:胶囊||注意事项:孕妇哺乳期禁用||原产地:美国
3728039487859720606,【年货节大牌钜惠】SUSUMOTOYA第四代PQQ定向纳豆激酶18000FU++,19737296,douyin,,805912.3,,31384,套餐详情:【第4代 特别添加PQQ】SUSUMOTOYA纳豆激酶18000FU 400mg*90粒-默认x2、SUSUMOTOYA健步片620mg*30粒-默认x2
3689902016601129004,FL凯凯方青推荐 高含量易吸收 吉武纳豆凝胶90颗,137233703,douyin,,481365.2,,31384,保质期:3年||产地:美国||净含量:63g||品牌:Lifebalance||贮存条件:常温||包装方式:包装
3724787147480367437,【亚亚家专属】野口医学研究所纳豆激酶4000FU 120粒/瓶,31839,douyin,,303395.75,,31384,套餐详情:【专场】纳豆激酶4000fu120粒/瓶-默认x3、【活动】机能大豆异黄酮大豆提取物 90粒/瓶-默认x2
3729850886147670209,【降酯片】呵护心脑降压降脂甘油三酯 美国进口纳豆复合片60粒/瓶,155789426,douyin,,153833.84,,31384,套餐详情:BISPIT【降酯片】呵护心脑降压降脂 美国进口纳豆复合片60粒/瓶-默认x1
3689488982548283837,Aehig原装进口纳豆激酶至臻版6000FU高活性纳豆激酶软胶囊60粒/盒,141568714,douyin,,125662.44,,31384,套餐详情:Aehig日本进口纳豆激酶至臻版6000FU60粒/盒【2026年4月22日到期】-默认x1
3726087328670810389,DR.ROSER德国天然水蛭素血净通血管清道夫呵护心脑管健康60粒/瓶,155815586,douyin,,110339.46,,31384,保质期:25-36个月||食用方法/使用方法:40岁以下每日1次，每次1粒。40岁以上每日1次，每次2粒。||温馨提示:本品不可替代药品||产品名称:水蛭素||品牌:DR.ROSER||适用人群:通用||产品剂型:胶囊||注意事项:婴幼儿及孕妇 禁用，对产品成分过敏者慎用||原产地:美国
3689775628648841474,【2瓶特惠】CareMagic水蛭素纳豆激酶片剂澳洲原装进口小分子肽-Z,155794920,douyin,,95321.72,,31384,套餐详情:【1瓶】CareMagic水蛭素纳豆激酶纳豆片澳洲原装进口保健-Z-默认x2
3569296131370441141,【12mg虾青素*60粒】虾青素雨生红球藻凝胶糖果年龄的秘密,34647561,douyin,,383183.0,,31310,保质期:24月||产地:中国大陆||产品名称:虾青素雨生红球藻||品牌:年龄的秘密||生产企业名称:湖南素囊健康科技有限公司||食品生产许可证编号:SC12743018101679||规格（粒/袋/ml/g）:22.8g
3705516267017469964,【众久】高纯度天然虾青素葡萄籽营养精华配方p3,73457802,douyin,,100019.84,,31310,保质期:24月||产地:中国大陆||产品名称:虾青素葡萄籽凝胶糖果||品牌:众久||生产企业名称:东营佐宁生物科技有限公司||食品生产许可证编号:SC11337052100315||规格（粒/袋/ml/g）:0.7g*40粒
3582351391097812288,诺特兰德新一代DHA藻油ARA升级 100mgDHA+100mgARA宝宝 BX4,22044,douyin,,79456.69,,31310,保质期:24月||产品名称:DHA藻油ARA||适用性别:通用||产地:中国大陆||品牌:诺特兰德||生产企业名称:山东润安生物科技有限公司||计价单位:瓶||商品条形码:见包装||食品生产许可证编号:SC11337010500811||规格（粒/袋/ml/g）:30片/瓶
3612945246901678980,宫诺碱益多碱性食品进口海藻钙孕物营养前备什么期间吃的用小苏打,31676,douyin,,28254.9,,31310,保质期:24月||是否临期:否||产品名称:宫诺碱益多||适用性别:通用||产地:中国大陆||品牌:宫诺||生产企业名称:威海南波湾生物技术有限公司||用法:每天1次，每次3片，饭后温水吞服||适用人群:成人||计价单位:瓶||食用提示:本品每日食用量不超过20片||在华注册码:6949969172363||产品剂型:片剂||商品条形码:6949969172363||食品生产许可证编号:SC12737100200302||规格（粒/袋/ml/g）:500mg*30片
3729125680944906738,Biowell美人果第五代红宝石水基羊胎素60粒/瓶BL001LL,6755133,douyin,,1292668.5,,31386,套餐详情:Biowell美人果第五代红宝石水基羊胎素60粒/瓶-默认x3
3726521820522873165,Biowell美人果第五代红宝石水基羊胎素60粒/瓶BL001LL,6755133,douyin,,742959.6,,31386,套餐详情:Biowell美人果第五代红宝石水基羊胎素60粒/瓶-默认x3
3672528631365763570,Biowell美人果第五代红宝石水基羊胎素60粒/瓶*1/3/6,6755133,douyin,,728623.6,,31386,套餐详情:新加坡 Biowell红宝石羊胎素胶囊60粒/瓶-默认x3
3676797635567681991,PipingRock羊胎精华60粒/瓶护巢调经内调抑斑 斑斑点点 韩空严选,19676,douyin,,166897.5,,31386,保质期:25-36个月||食用方法/使用方法:每日2次，每次1粒||温馨提示:本品不可替代药品||产品名称:朴诺羊胎精华||品牌:PIPINGROCK||适用人群:成人||产品剂型:胶囊||注意事项:孕期，哺乳期不建议服用||原产地:美国
3728343953913807260,Biowell美人果第五代红宝石水基羊胎素60粒/瓶*3/6,6755133,douyin,,151315.2,,31386,套餐详情:Biowell美人果第五代红宝石水基羊胎素60粒/瓶-默认x3
3715709319711424611,Biowell红宝石羊胎素胶囊*3+Biowell巢颜N+8浓缩羊胎素胶囊*3,6755133,douyin,,132519.3,,31386,套餐详情:新加坡 Biowell美人果第六代蔓越莓巢颜N+8胶囊 30粒/瓶-默认x3、Biowell美人果第五代红宝石水基羊胎素60粒/瓶-默认x3
3685869274305527960,Biowell美人果第五代红宝石水基羊胎素60粒/瓶3/6,6755133,douyin,,131836.48,,31386,套餐详情:Biowell美人果第五代红宝石水基羊胎素60粒/瓶-默认x1
3657432836039951218,【养巢年轻】朴诺调经碧萝芷羊胎精华60粒/瓶 护巢 内调抑斑,19676,douyin,,79910.4,,31386,套餐详情:【碧萝芷】PipingRock 碧萝芷羊胎精华60粒/瓶护巢调经内调抑斑x1
3721820278620291078,【肚子大苹果型】Thorne悦恩美腰茶多酚60粒小腹刮阻油背厚1/2/3,46321595,douyin,,8998.4,,31374,套餐详情:【肚子大苹果型】Thorne悦恩美腰茶多酚60粒小腹刮阻油手臂背厚-默认x1
3721723599007121783,Prime Harmony奥睿康EGCG茶多酚含片绿茶提取物呼吸道防护草莓味,155806424,douyin,,2705.95,,31374,套餐详情:1瓶装x1
3572642125726254884,脂质代谢片丨 6盒装夜间脂质代谢片 30片/盒 绿茶纤体片 【GZ】,36047477,douyin,,1121.12,,31374,套餐详情:MATT夜间脂肪分解片 30片/盒 紧致身型夜间增加分解量-默认x1、MATT绿茶夜间脂肪分解片 30片/盒 绿茶纤体片 【GZ】-默认x6
3713154067632095652,【年货节官方补贴】AGEYA辅酶Q10 300mg活心源呵护小心心36粒/瓶1A2,155798685,douyin,,1319157.9,,31320,保质期:25-36个月||食用方法/使用方法:直接食用||温馨提示:本品不可替代药品||品牌:AGEYA||适用人群:通用||产品剂型:胶囊||注意事项:孕妇儿童不可食用||原产地:英国
3685501101018317321,【进口年货】AGEYA四代易吸收高含量300mg辅酶Q10守护心源3A2,155798685,douyin,,294550.72,,31320,套餐详情:【英国原装进口】AGEYA辅酶Q10 高含量胶囊呵护60粒/瓶 -1罐x3
3706248621327515795,【小e哥po价囤货】Arkopharma艾蔻法黑蒜心动力胶囊30粒/盒天然他汀,155790822,douyin,,200573.78,,31320,套餐详情:【多维补充】Arkopharma艾蔻法复合维生素无糖软糖60粒/瓶-多维软糖60粒x2
3699791470966997089,【小e哥推荐3盒】Arkopharma艾蔻法黑蒜心动力胶囊30粒天然他汀 ZS,155790822,douyin,,156848.4,,31320,套餐详情:【小e哥推荐】天然他汀Arkopharma艾蔻法黑蒜心动力胶囊30粒/盒-默认x6
3717957400058265848,【年货节官方补贴】AGEYA高含量辅酶Q10复配PQQ正品高吸收呵护心心,155798685,douyin,,98713.92,,31320,套餐详情:【保税仓专属】AGEYA辅酶Q10 300mg添加PQQ呵护小心心1A2-1罐x3
3662533380429495316,plameca西班牙红曲米胶囊朝鲜蓟奶蓟草天然他汀护心血管健康,36723,douyin,,75674.06,,31320,套餐详情:Plameca西班牙红曲米天然他汀朝鲜蓟胆固醇心血管健康胶囊30粒/盒-30粒/盒x3
3545956701201113165,Plameca【健康心血管】天然西班牙红曲米胶囊肝脏胆固醇血脂健康,36723,douyin,,59945.94,,31320,保质期:25-36个月||食用方法/使用方法:每天一粒，饭后配水服用||温馨提示:本品不可替代药品||品牌:Plameca||适用人群:通用||产品剂型:胶囊||注意事项:本品不可替代药品||原产地:西班牙
3562072634080546282,Bmark鹿胎素卵巢保养胶囊女性补热呵护调理60粒/盒,66608544,douyin,,82168.7,,31387,保质期:25-36个月||食用方法/使用方法:饭后1粒，1次1粒，每天不超过2粒||温馨提示:本品不可替代药品||品牌:Bmark||适用人群:成人||产品剂型:胶囊||注意事项:孕妇哺乳期类人群建议咨询医生后服用
3570657200131188291,【鹿胎素*4瓶】Bmark鹿胎素女性保养胶囊60粒/盒,66608544,douyin,,48323.85,,31387,保质期:25-36个月||食用方法/使用方法:饭后1粒，1次1粒，每天不超过2粒||温馨提示:本品不可替代药品||品牌:Bmark||适用人群:成人||产品剂型:胶囊||注意事项:孕妇哺乳期类人群建议咨询医生后服用
3574707421005881608,【鹿胎素*4瓶】Bmark鹿胎素女性保养胶囊60粒/盒,66608544,douyin,,40373.77,,31387,保质期:25-36个月||食用方法/使用方法:饭后1粒，1次1粒，每天不超过2粒||温馨提示:本品不可替代药品||品牌:Bmark||适用人群:成人||产品剂型:胶囊||注意事项:孕妇哺乳期类人群建议咨询医生后服用
3576753485477202625,Bmark鹿胎素暖巢保养胶囊女性补热呵护调理60粒/盒,66608544,douyin,,33973.5,,31387,保质期:25-36个月||食用方法/使用方法:饭后1粒，1次1粒，每天不超过2粒||温馨提示:本品不可替代药品||品牌:Bmark||适用人群:成人||产品剂型:胶囊||注意事项:孕妇哺乳期类人群建议咨询医生后服用
3698445748115996820,年轻记录蔓越莓益生菌粉富硒女性女王菌私护18000亿CFU富硒蔓越莓,37123,douyin,,139950.72,,31295,保质期:24月||是否临期:否||产地:中国大陆||适用性别:女||产品名称:蔓越莓富硒女性专研益生菌||品牌:年轻记录||生产企业名称:安徽领克药业有限公司||适用人群:成人||计价单位:盒||成分:蔓越莓、硒、3大女性专研成分||产品剂型:粉剂||商品条形码:6974695800549||食品生产许可证编号:SC10634122230677||规格（粒/袋/ml/g）:10条/盒
3727934978395341049,蔓越莓FD冻干粉 4克*15瓶/盒,46080906,douyin,,108602.0,,31295,保质期:18月||产地:中国大陆||产品名称:蔓越莓||品牌:垦荒小花||生产企业名称:黑龙江省新曙光刺五加生物科技开发有限公司迎春分公司||食品生产许可证编号:SC10623038101969||规格（粒/袋/ml/g）:4克*15瓶
3706419273204367743,年轻记录蔓越莓益生菌富硒女性女王菌私护18000亿CFU富硒蔓越莓-d,37123,douyin,,18689.8,,31295,保质期:24月||是否临期:否||产地:中国大陆||适用性别:女||产品名称:蔓越莓富硒女性专研益生菌||品牌:年轻记录||生产企业名称:安徽领克药业有限公司||适用人群:成人||计价单位:盒||成分:蔓越莓、硒、3大女性专研成分||产品剂型:粉剂||商品条形码:6974695800549||食品生产许可证编号:SC10634122230677||规格（粒/袋/ml/g）:10条/盒
3701828767145132461,内廷上用木瓜葛根汁胶原蛋白固体饮料自信女神专属营养品0脂肪,27698,douyin,,1784.16,,31299,保质期:18月||产地:中国大陆||产品名称:木瓜葛根胶原蛋白固体饮料||品牌:内廷上用||生产企业名称:芊荷（安徽）健康产业发展有限公司||食品生产许可证编号:SC11434161108548||规格（粒/袋/ml/g）:12g*10包
3567506667665026822,能量卫士儿童营养郫多宝植物固体饮料宝宝饮用,11215801,douyin,,1487.34,,31299,保质期:24月||是否临期:否||产地:中国大陆||适用性别:通用||产品名称:郫多宝植物固体饮料||品牌:能量卫士||生产企业名称:安徽能量卫士药业有限公司||适用人群:儿童||计价单位:罐||食品生产许可证编号:SC10634122207515||规格（粒/袋/ml/g）:5g*30袋
3704560718465597709,轻夕*草莓味褪黑素含片,95496950,douyin,,23376.03,,31279,保质期:365天||产地:中国大陆||产品名称:褪黑素含片||品牌:轻夕||生产企业名称:安徽佳洪健康产业有限公司||食品生产许可证编号:SC12734160201519||规格（粒/袋/ml/g）:0.3*60
3540943072034738722,【GABA睡眠软糖Ⅱ代】美国进口GNITE睡眠软糖Y氨基丁酸熬夜入睡gaba,33621,douyin,,8550.6,,31279,保质期:3年||是否临期:否||产地:美国||适用性别:通用||产品名称:GNITE GABAⅡ代睡眠软糖||品牌:GNITE||用法:睡前两粒||适用人群:成人||计价单位:瓶||成分:山梨糖醇液、GABA（γ-氨基丁酸)、茶叶茶氨酸、牛奶碱性蛋白、浓缩葡萄汁||产品剂型:胶囊||规格（粒/袋/ml/g）:60粒/瓶
3730909174645784899,BRIGHTBIRD 南极磷虾油 拍一发八80粒大规格 呵护心脑【试吃一瓶】,155798739,douyin,,454431.9,,28342,保质期:18月||是否临期:否||产品名称:南极磷虾油||产地:中国大陆||品牌:BRIGHT BIRD||生产企业名称:安徽亿显堂健康产业发展有限公司||食品生产许可证编号:SC11334160234153
3730027140935188861,【海员宋老师专属】无糖型南极磷虾油 海洋磷脂和Omega-3 63g/盒HY1,141449410,douyin,,131391.42,,28342,保质期:24月||产地:中国大陆||净含量:63g||生产企业名称:安徽感喻药业有限公司||品牌:润龄堂||食品生产许可证编号:SC10734122230595||贮存条件:常温||包装方式:包装
3722005705285304335,【主播爸妈日选】苏莎Omega 3微藻油磷虾油,155745065,douyin,,98510.16,,28342,保质期:2年||产地:中国大陆||产品名称:苏莎Omega 3微藻油凝胶糖果||品牌:苏莎||生产企业名称:馨辰生物（广东）有限公司||食品生产许可证编号:SC10644190015340
3724984681817571390,无糖型南极磷虾油 海洋磷脂和Omega-3 63g/盒 拍一发四 H1,141449410,douyin,,56096.07,,28342,保质期:24月||是否临期:否||产地:中国大陆||净含量:63g||生产企业名称:安徽感喻药业有限公司||食品生产许可证编号:SC10734122230595||贮存条件:常温||包装方式:包装
3720522103213130027,【海员宋老师专属】无糖型南极磷虾油 海洋磷脂和Omega-3 63g/盒HYA,141449410,douyin,,55423.86,,28342,保质期:2年||产地:中国大陆||净含量:63g||生产企业名称:安徽感喻药业有限公司||品牌:润龄堂||食品生产许可证编号:SC10734122230595||贮存条件:常温||包装方式:包装
3695109290726654140,粉丝福利 无糖型南极磷虾油 海洋磷脂和Omega-3 63g/盒 YH,141449410,douyin,,50693.32,,28342,保质期:24月||产地:中国大陆||净含量:63g||生产企业名称:安徽感喻药业有限公司||品牌:润龄堂||食品生产许可证编号:SC10734122230595||贮存条件:常温||包装方式:包装
3487701864382868675,NaturElan德国呐兔 儿童叶黄素软糖成人叶黄素视力 2/3瓶,55032,douyin,,586.26,,31393,保质期:13-24个月||食用方法/使用方法:3-12岁每日一次每次一粒，12岁以上及成人每日两次每次一粒||温馨提示:本品不可替代药品||品牌:NATURELAN||适用人群:通用||产品剂型:颗粒||注意事项:本品不可替代药品||原产地:德国
3729290547500810462,法国S&S全谱玻尿酸透明质酸钠水光小分子次抛口服液10ml*20支/盒,4654403,douyin,,1996775.4,,34148,保质期:36月||品牌:SUBLIME SURFACE/苏费仕||产品名称:玻尿酸透明质酸钠
3677514924952781119,Perseek佩尔希鲨鱼骨粉氨糖MSM软骨素关节养护40粒/瓶,155789474,douyin,,2025071.0,,31404,保质期:25-36个月||食用方法/使用方法:饭后温水送服，一天一次，一次一粒||温馨提示:本品不可替代药品||品牌:Perseek||适用人群:通用||产品剂型:片剂||注意事项:孕妇及18岁以下禁服或遵医嘱||原产地:美国
3716802000252436967,【海云老师专属】AURINDA澳洲进口袋鼠男士活力精华胶囊*100粒,155687398,douyin,,7358.56,,31366,套餐详情:【1瓶装】AURINDA澳洲进口袋鼠胶囊1瓶*100粒-默认x1
3605148830905048358,英国GoFigure饱饱糖2袋 膳食纤维软糖纤维素解馋代餐零食70粒/袋,132962015,douyin,,3191.31,,31406,保质期:0-12个月||食用方法/使用方法:开袋即食，每次一包||温馨提示:本品不可替代药品||品牌:GOFIGURE||适用人群:成人||产品剂型:颗粒||注意事项:服用后饮用500ml水||原产地:英国
3723140856484593849,【店播专属】Unichi玫瑰小鱼胶囊90粒/瓶内服外用三瓶装-BY,45113,douyin,,688900.3,,31376,套餐详情:璐姐爱用Unichi玫瑰小鱼胶囊90粒/瓶内服外用美肌必备-默认x3、【赠品】Unichi玫瑰胶原小熊软糖20粒/袋-1袋x1
3726311747162865684,Unichi玫瑰小鱼胶囊90粒/瓶 HBZS,45113,douyin,,478424.38,,31376,套餐详情:璐姐爱用Unichi玫瑰小鱼胶囊90粒/瓶内服外用美肌必备-默认x1
3536504118006911954,璐姐爱用Unichi玫瑰小鱼胶囊90粒/瓶内服外用美肌必备,45113,douyin,,364217.22,,31376,保质期:25-36个月||食用方法/使用方法:温水吞服||温馨提示:本品不可替代药品||品牌:Unichi||适用人群:成人||产品剂型:胶囊||注意事项:玫瑰精油浓度较高，不建议咬破食用||原产地:澳大利亚
3708317569317470243,Unichi玫瑰小鱼90粒/瓶*3+玫瑰果精华胶囊60粒 *3-B,45113,douyin,,260007.84,,31376,套餐详情:璐姐爱用Unichi玫瑰小鱼胶囊90粒/瓶内服外用美肌必备-默认x3、Unichi澳洲进口玫瑰果原装进口精华胶囊二代60粒维C炸弹天然多酚-一瓶x3、Unichi气泡糖 口腔益生菌微泡腾片30粒/瓶 清新口气护胃 双效-默认x1、心心糖 舒心深度安睡 60粒 藏红花提取物-默认x1
3646527892508296441,【管管专属】6瓶皮肤状态 Unichi玫瑰小鱼胶囊90粒/瓶   DR,45113,douyin,,177958.05,,31376,套餐详情:Unichi玫瑰精粹小鱼胶囊90粒/瓶澳洲进口内服外用美肌必备-默认x1
3717167469681574249,【嫣虞堂】免疫球蛋白片,155799560,douyin,,16853.0,,31365,包装类型:包装||保质期:24月||产地:中国大陆||产品名称:免疫球蛋白片||品牌:嫣虞堂||生产企业名称:安徽御康药业有限公司||食品生产许可证编号:SC13034122231348
3722410639038218379,HEALTHYCARE牛初乳奶粉 300g/瓶 高钙儿童体质老年营养粉男女通用,155637992,douyin,,9795.45,,31365,套餐详情:HEALTHYCARE牛初乳奶粉 300g/瓶 高钙儿童体质老年营养粉男女通用-默认x1
3593628989916379507,【破价129单瓶25.9月】英国HB荷柏瑞月见草油软胶囊120粒/瓶,37205,douyin,,5603.48,,31375,保质期:13-24个月||食用方法/使用方法:每日一次，每次一粒，最好随餐服用||温馨提示:本品不可替代药品||产品名称:荷柏瑞月见草油软胶囊120粒/瓶||品牌:Holland&Barrett||生产企业名称:Holland & Barrett Retail Ltd||净含量:1000mg*120粒 /瓶||适用人群:成人||产品剂型:胶囊||注意事项:孕妇慎用，月经期间不宜食用||原产地:英国
3603872437709721704,Swisse斯维诗月见草胶囊200粒缓解调理经期不适女士经期保健品,13541118,douyin,,2809.8,,31375,保质期:25-36个月||食用方法/使用方法:每次两粒，每日3次，或遵医嘱。||温馨提示:本品不可替代药品||产品名称:Swisse斯维诗月见草胶囊200粒||品牌:SWISSE/斯维诗||适用人群:成人||产品剂型:胶囊||注意事项:请于25摄氏度以下干燥，阴凉处储保存。密封盖若破损，请勿服用。||原产地:澳大利亚
3615348198559859015,【官旗】荷柏瑞英国月见草油软胶囊120粒/瓶,37205,douyin,,1041.3,,31375,保质期:13-24个月||食用方法/使用方法:每日一次，每次一粒，最好随餐服用||温馨提示:本品不可替代药品||产品名称:荷柏瑞月见草油软胶囊120粒/瓶||品牌:Holland&Barrett||生产企业名称:Holland & Barrett Retail Ltd||净含量:1000mg*120粒 /瓶||适用人群:成人||产品剂型:胶囊||注意事项:孕妇慎用，月经期间不宜食用||原产地:英国
3729047166761697286,【黄金内收素】女性盆底肌修复产后漏尿卵巢保养盆底肌胶囊60粒/瓶,13361748,douyin,,67079.87,,31362,保质期:25-36个月||食用方法/使用方法:每天一次，一次2粒。||温馨提示:本品不可替代药品||品牌:Malee||适用人群:成人||产品剂型:胶囊||注意事项:放置阴凉处，避光密封保存。||原产地:新西兰
3627078697519054537,GNC健安喜 七合一加钙氨糖软骨素运动关节片160片/瓶 ofdb,18614,douyin,,5394.62,,31412,保质期:25-36个月||食用方法/使用方法:早晚各1次，一次2粒||温馨提示:本品不可替代药品||产品名称:GNC健安喜七合一加钙优骨力氨糖软骨素运动关节片160片/瓶||品牌:GNC/健安喜||适用人群:成人||产品剂型:片剂||注意事项:本品不可替代药品||原产地:美国
3665444089119244585,ToatlHeal同太和日本进口GABA睡眠丸不含褪黑素60粒/袋,138011412,douyin,,2995.84,,31412,保质期:13-24个月||食用方法/使用方法:每天睡前2粒||温馨提示:本品不可替代药品||产品名称:ToatlHeal稳眠丸||品牌:ToatlHeal||适用人群:成人||产品剂型:丸剂||注意事项:未成年禁服||原产地:日本
3677893337341362650,捷克圣希尔德佳德纯沙棘油胶囊60粒 修粘膜助胃动力脾胃调理,41859,douyin,,6496.75,,31357,套餐详情:捷克希尔德加德沙棘油胶囊-默认x1
3664142698190923342,SICOTA美国思康斯膳食维生素补充软糖,155786604,douyin,,55614.0,,31369,保质期:37-48个月||食用方法/使用方法:2||温馨提示:本品不可替代药品||品牌:Sicota/斯柯特||适用人群:通用||产品剂型:颗粒||注意事项:4岁以下儿童不建议食用||原产地:美国
